"","V1","V2","V3","V4","V5","V6","V7","V8","V9"
"1",13376.3117020489,-12088.4064874331,-30546.1070385052,-39527.4923065835,-39460.1927772391,-41087.7232821324,-36119.5703807271,-28254.3557690207,-15742.3679853491
"2",11341.9291483869,-17826.3308592226,-38033.7377207313,-48947.8890007906,-54394.2757587665,-53755.0366881996,-50824.1084931281,-43618.7122036911,-31767.0642713376
"3",9555.70606993611,-21353.7889744573,-38874.6158364313,-48342.6029974466,-54447.4028750695,-54024.562409063,-49282.263465021,-44214.3747147338,-34443.0414013376
"4",13679.77870584,-16974.0998534368,-34238.7686351509,-45137.8465558425,-48571.3535662337,-51941.6795879572,-48801.6678012283,-44938.7166510451,-34377.8519947496
"5",19597.3289084863,-6545.09527417932,-23471.6480308254,-40587.0660972385,-48437.9971742116,-47788.9101311503,-45076.3026812821,-43027.6687453553,-32529.3928024292
"6",8081.11952251151,-21395.5299994193,-36899.4751374728,-48399.5969741167,-54727.8506059045,-56415.6995268757,-53250.5927701494,-48266.2375245672,-40811.8798424034
"7",9018.90101445789,-20497.3069267189,-39568.3362981852,-50303.6366776684,-56337.0714856366,-59021.5859781198,-53642.6403748525,-50438.9595681758,-37559.8963595331
"8",19266.5571857397,507.000236706019,-18624.7115522149,-28558.7237029595,-35737.8601433904,-39443.1628253826,-38094.8334382626,-31002.1002696191,-21018.158831805
"9",35039.8552423575,7889.96909998424,-11900.0456813178,-20511.2324104569,-23887.2434415439,-25539.1621288482,-22335.3448591606,-17749.4203652944,-8977.48991704278
"10",12142.0643735928,-13213.8056919742,-31797.5599499077,-43183.7040248885,-49428.9827594025,-49414.9945452323,-45384.3887153946,-40277.1247869476,-27875.8187387624
"11",10120.1998147102,-17515.195424217,-34871.9063640119,-44485.5582009214,-52851.4603332287,-51995.6466790672,-52373.5883545681,-45030.279573971,-34943.6446424226
"12",20683.7090212221,-3805.24829507755,-27868.0084417494,-39060.0647383311,-45296.4715786,-50182.3008852524,-47285.3702938957,-41893.0761504011,-32863.7386223411
"13",13071.3634351877,-10996.8591277673,-36383.5637449898,-46848.1231119569,-52384.3827947949,-49491.3597840804,-48559.5287618844,-43930.923777296,-34695.9060337031
"14",17242.0814617288,-12227.1249138051,-27195.886748436,-38042.3371543622,-49352.0767930519,-48248.238407511,-46321.033142069,-40694.5980479581,-32343.6955013775
"15",15466.3843601459,-12881.8043925754,-29172.3856067469,-45625.9011380847,-49767.953854376,-49066.2221371973,-48358.5797340066,-40889.4118075776,-32709.2668245066
"16",19446.343064898,-13314.9954724498,-30137.3843205365,-42739.2746045593,-47544.007150332,-50180.7123105857,-45932.0200744809,-40174.7854533638,-31133.5738988608
"17",21794.4668637563,-5841.43147952689,-21609.1741138135,-31769.6685415511,-39289.7312245303,-39544.6652115139,-34943.8708420748,-29692.6616756785,-23328.6038555256
"18",14648.7249131737,-7190.06098283544,-21584.84354288,-38315.9494679412,-44511.8050039024,-47257.9684851983,-41618.3003934724,-38683.7074435819,-30959.5977926435
"19",15228.0901509216,-9044.56594638453,-26563.3495487608,-40822.3364395469,-50218.7175645672,-49236.1567021326,-47829.4792211946,-42480.8691648574,-37592.5803471189
"20",11216.8299847407,-18269.8128652697,-38598.3355508912,-49232.29333346,-57569.631458349,-59363.3795166725,-58196.3991103527,-53774.0561137413,-43023.2633508352
"21",4943.37528995471,-20343.5759010337,-40903.2048371508,-50798.3612037298,-57319.7981392814,-60225.8213926282,-57839.0235474319,-51691.0281130637,-42835.2297107785
"22",5727.75830653595,-17791.9413382151,-37739.559910959,-51240.555439576,-58062.6278121765,-59126.7057952902,-55956.6802696194,-51347.2637738437,-42758.6264220607
"23",12463.7972837414,-16607.3752932535,-34793.5260931241,-49285.4355433033,-55629.811127555,-53208.3877382036,-54784.4939102232,-49086.4299338386,-37651.9094741979
"24",8339.33789451423,-22039.9402507827,-37340.4039404737,-50617.7789183421,-56775.3863780709,-59548.3988705889,-57037.5575346414,-52008.5730121574,-44110.2192395354
"25",4033.16106495233,-21809.1687518327,-38417.3005683614,-51233.2346199765,-56436.8837005144,-56545.0062477255,-53993.5099310388,-48469.8823836594,-40022.863726096
"26",1074.33807174406,-21213.342874907,-40894.1989459679,-50188.2547321613,-57494.2479304614,-59314.5502704706,-58412.751075916,-52802.2753524786,-44787.3390243039
"27",34330.7605441091,8798.95729032818,-6227.56957324884,-25101.3684073132,-29913.4380596889,-38903.6301748348,-38605.7867412067,-34348.8506935429,-25985.8609953847
"28",14338.7474885074,-12134.1180263937,-30197.9125158226,-40341.5169867385,-47401.8117448957,-46330.2722420967,-43950.7316472446,-38662.6167883998,-29865.9183569362
"29",16557.7508242082,-17649.8168649335,-34267.4656128248,-44265.4178995069,-52953.8552969829,-55105.1586594657,-51226.0509641959,-45819.6233448283,-35126.4141822951
"30",6308.95791187516,-19029.600896946,-38522.4325649038,-49419.0428942435,-56679.718802631,-55278.3804897179,-55910.2820055631,-48744.6049458459,-38556.6830941981
"31",8532.95651144942,-20336.7839633314,-38617.884497598,-50286.3728907457,-52992.5308250425,-57372.1254258039,-54481.2517856136,-49721.6664282248,-40192.9527625951
"32",5406.84871593094,-22467.655571323,-39384.028154005,-53100.3558144234,-59029.7525970197,-61579.9728081526,-58180.1889512456,-52775.2494175272,-42595.2804580674
"33",11274.0278485511,-18689.4280401235,-33565.1919038436,-45196.3002120177,-50490.2274013765,-53261.053501819,-49761.3198232888,-41227.0640096066,-32891.3908605974
"34",12616.2480487167,-17477.0404434842,-31495.844253927,-42449.7215737512,-49015.3920637799,-53606.4935483951,-49014.9462365419,-45272.7204755746,-33153.217988456
"35",10447.5518202753,-19435.7198820696,-35970.8225187028,-50883.4924981268,-58476.4301004509,-59890.9581550997,-57591.0013422684,-51263.1098626384,-42548.4204945103
"36",11774.2117672756,-19742.9910347723,-37411.4823989375,-49143.9901405314,-58723.8137415787,-61550.3834425471,-60258.9136290451,-54525.2021431594,-45039.340966078
"37",6862.60812871579,-21063.0648412093,-36846.3232713483,-50204.8452950513,-57315.8777048217,-58696.2708746491,-56961.0741475954,-51050.3442016345,-41369.172723029
"38",8165.43786351068,-17572.8201330604,-37275.3640266487,-50293.2911739493,-56956.3224550964,-56063.9254542035,-54750.8930579868,-47179.0625143355,-39959.0326148248
"39",13234.4957480624,-15836.2845176494,-34816.3636297969,-46516.2891087553,-53582.7762511941,-54878.5356232471,-52160.2461033761,-45437.4382894317,-36083.8397393332
"40",9530.2057820537,-17523.8883087072,-33985.3870990108,-47719.2072404407,-54409.7038355166,-59084.6409013281,-56547.3746811804,-50082.9654135093,-42801.9551239896
"41",7536.13012502672,-22457.8068570449,-39387.9692606821,-52620.2278109933,-56698.5347926667,-61768.0824417539,-57823.6550621835,-55251.7874952957,-45921.4788523008
"42",8667.96790023641,-20917.5485024609,-37509.4450795462,-49672.0999191962,-56195.8670609116,-56100.7319784859,-55595.3955499956,-51581.1059883914,-39428.2440251717
"43",24390.6237583994,-3732.83953913094,-23039.4054863047,-37279.9957959538,-43512.0182657916,-47124.7177173739,-45800.7351537464,-40546.555345428,-31630.6384741648
"44",13158.797109016,-13564.9167824934,-33097.7197167025,-41458.9616956917,-52078.9550308873,-53743.0420683697,-50838.5696125369,-45748.0111432265,-35280.0878481103
"45",7791.01355232375,-18914.3388329267,-36505.9212767536,-49226.5286431904,-55059.5807593985,-56201.926276041,-55772.7933809951,-49555.1018216376,-40658.0103276615
"46",15210.6533748031,-11039.896696499,-35559.4230375356,-47501.8270991986,-53808.5013461431,-54262.8940028785,-53953.1338790598,-47888.1113232709,-39226.4969757472
"47",6318.96966128412,-22131.5172736467,-41854.1389430174,-57270.8767338692,-58321.6504467394,-61064.9620743981,-61227.8764958779,-54523.4992954738,-45963.5768467339
"48",10514.971664187,-17223.4168935889,-34211.7125799246,-50294.2219802351,-58366.952632898,-58915.8213727954,-55685.2467334118,-49772.1154888227,-40417.4011713711
"49",2922.28039132684,-22688.6450382051,-40170.882608713,-53153.6871089775,-59420.5722611645,-60251.204554021,-56336.1972284917,-50433.6054759117,-42455.0737200134
"50",17168.4083631903,-16280.7869564479,-37538.3510475698,-47840.482512301,-54549.2404285537,-57139.1589495679,-51470.9773398375,-46236.5310502104,-41594.769736538
"51",10292.1799374504,-21947.1802383285,-40023.620530575,-50668.0188143006,-56640.510348601,-57827.1408032142,-57029.3550373544,-51888.6950476239,-43601.827756069
"52",10504.1052313328,-14319.0976768871,-35001.5434585658,-47338.0326053216,-55738.2199060076,-53927.232096905,-53104.1303645925,-47550.2301864862,-38318.6807781566
"53",7588.21206490827,-23026.4787360005,-42240.6964054564,-53897.6159812543,-59755.9125093357,-58896.8393337957,-55776.1136400412,-51435.2747566548,-41706.8419139142
"54",6905.8834275279,-22232.7502385051,-40369.0912509369,-50110.0806719531,-54090.927377211,-56861.2791885317,-52596.3960349983,-47117.2695910339,-35735.7059307554
"55",9099.23837515962,-22696.8998089901,-43390.4396559939,-52675.4209578221,-60126.8087142552,-58882.9831980442,-55013.8551385291,-48999.7434886527,-39899.3613570996
"56",-2421.52541033051,-29666.8692594571,-45628.5232389316,-57300.6575820337,-63247.9622991074,-64581.608881578,-61271.8670397056,-55807.5588928488,-47059.3289607687
"57",1859.17652390771,-25256.6093121146,-42665.0280557188,-52679.4058270212,-58341.2558252528,-62891.6876516747,-59305.1880014599,-53393.7560637087,-44714.0958667575
"58",7123.13774402295,-17860.0268670257,-36286.4676363239,-48988.9670969877,-55439.22162953,-58152.8054582067,-56707.7239708489,-49772.2207211162,-41282.941055004
"59",12499.2885695268,-20403.1213977339,-35268.3256705554,-48974.4891105739,-54769.0459997324,-58381.4540764832,-53951.9304688653,-48367.4786079973,-38723.0305148889
"60",19405.9566159308,-5336.93389802355,-22926.042056922,-38012.4913081196,-43030.7697495206,-48025.3760114535,-45983.3499103259,-41465.6282468734,-36243.3663987143
"61",1441.07918579386,-25151.5288529245,-45226.6496384841,-56993.3440323971,-61840.3692148354,-64927.7937887488,-63371.5204758638,-58658.7408163934,-49017.5922709065
"62",2993.37502710856,-24630.1862078766,-43565.6911623165,-56094.2453297516,-62866.5354431743,-67123.366295185,-63922.2484161704,-58530.9140641503,-50313.2228182582
"63",-2204.55045638027,-26899.3283705239,-44871.2817486686,-58801.3158397413,-64589.0679240851,-64986.230021799,-63666.5401220984,-58957.7650967244,-49699.7735489183
"64",9480.83910642504,-22584.0462342114,-39002.2302695935,-51605.7304708888,-60295.6118402739,-62270.4778362527,-59322.2320371783,-53849.2167972434,-45372.2410232505
"65",9884.0236509751,-24059.2682210108,-40229.4788791488,-54708.973690069,-59372.9067543459,-59597.3205098253,-57671.6316896747,-50418.0498494149,-43143.4371794384
"66",11419.2223052967,-18999.7518898446,-39308.2064424379,-53495.1608088992,-58894.8903628954,-60446.7445723046,-56657.7877433367,-51124.627090884,-43398.2841242287
"67",5039.24234777343,-28175.3933232321,-45205.5235922501,-56316.4328731491,-63437.8399530829,-64857.9996483074,-63726.1117281913,-58163.7414171386,-49411.4371145499
"68",4847.4672614263,-22770.1107950465,-43120.4987272962,-53053.7512120921,-57641.8664223044,-60976.1205684165,-59702.4830011029,-55142.3050657446,-46651.8070253365
"69",-3.65529369458181,-24170.5349925899,-47200.5473933007,-58353.9389869334,-64060.648298736,-64882.088369634,-63345.6119979168,-58603.9226776067,-50090.6285604559
"70",5344.22164171038,-24679.5958774177,-45130.7884813509,-59119.6365818164,-66517.343420586,-66803.0549183932,-66021.9718890721,-60093.3228198864,-50959.6128354525
"71",1932.22506139982,-28999.082664917,-48503.9713557774,-58704.4131936352,-65623.9217060821,-66809.0288698138,-65870.2464484342,-60708.1419368847,-51665.4198319073
"72",2188.56337781428,-29609.9997532597,-46718.9617472253,-58075.6515340083,-64650.5788776011,-65110.2993354327,-61563.5261411956,-57101.8129213636,-47182.9608642393
"73",1229.11364755501,-26344.3842893866,-41354.3740736594,-53791.9118987014,-62470.865129518,-64642.9360290322,-61302.7276120728,-56205.3672004355,-46982.834823172
"74",12593.3653144646,-14601.9288603988,-35196.9768494605,-51770.7606738518,-53728.3128846686,-56063.3686554622,-50557.040521961,-43696.7584633455,-33322.6893509159
"75",8312.84229067973,-23635.4663242312,-44136.2309458285,-57211.1511667206,-62935.8295348478,-64538.6892267751,-60256.2726266299,-54608.0347419567,-44876.621020276
"76",1047.975001315,-26706.0712364079,-44728.7270540158,-57221.4926552001,-63454.7290856282,-64991.5097030523,-63063.6392400706,-57372.4633821075,-48609.2989162052
"77",4076.18853522092,-23794.6461026882,-42595.1075979613,-58340.3791075549,-62288.3855081907,-65057.248110041,-61667.9708554075,-54995.6028471927,-48060.103014175
"78",3980.88172082626,-22625.5211632097,-42046.1119749582,-54494.0990798385,-58464.7465733865,-58711.7740450441,-57376.4146682507,-50821.0054381629,-42205.3362974305
"79",11364.2204334332,-17556.3997403711,-34280.1193326908,-46139.9161439338,-53552.7151013531,-57188.2844150758,-55609.2281304819,-49652.4045427653,-40481.7058662205
"80",-137.819818310208,-27599.957303124,-43999.5005490732,-57385.3334283194,-64096.110701671,-63586.6557735793,-63117.6475963121,-56235.6779755749,-46797.1654626699
"81",-680.410907432904,-29787.3774244603,-47550.177557735,-60716.4037599251,-64476.3055452309,-62828.1231361445,-63477.5241850912,-56580.8071607968,-48131.5379845992
"82",3519.56214669062,-25449.5969043633,-41876.9318327944,-53178.4225648262,-60358.806738426,-61379.7045041917,-58275.645643859,-51694.5271704958,-41214.3925800727
"83",6357.58098181826,-24275.6848626271,-42447.4468738513,-52960.8669480502,-58316.0316760698,-61146.5868403157,-56595.4898009873,-50408.2214192787,-40487.9691967876
"84",-2351.26902745813,-25034.367242851,-44769.4189006083,-54071.2065186844,-58684.7490356608,-60344.714957188,-57822.6760548667,-51553.300505342,-41437.9194242533
"85",2462.72436750012,-26263.7013837877,-40526.8699576433,-51392.2382071603,-60016.1574652736,-60966.2724751699,-57335.0944508182,-50668.0944015521,-42002.3412192368
"86",20640.5024170017,-14035.7101126373,-33091.337741935,-45586.8234295302,-48279.9600295118,-52422.5133457741,-46932.6525348949,-43552.3832197917,-32964.9282155153
"87",12692.3660334274,-8432.57814209415,-22984.31596557,-35774.3663617951,-40862.3497164683,-39402.8871158671,-32519.9097699921,-25061.1316736668,-11725.6602046718
"88",12310.9278296165,-16170.8190043144,-34570.8192650333,-44171.9409508847,-50898.0858842826,-52000.8999098007,-48568.9521490011,-40545.9920433724,-29945.6926699476
"89",10985.0758450076,-13690.4185865315,-28484.2295060655,-37028.2982633813,-44868.2035255122,-45911.8234945932,-40902.219852857,-33930.8531339847,-24715.5734387215
"90",21783.8714586507,-7987.56340648483,-29657.3620888016,-40877.6597217999,-47404.7306940818,-50126.271499951,-46198.6186547883,-40780.4765710535,-33551.1914864788
"91",23482.301000019,-1452.59588979361,-26105.556978858,-36457.93777709,-44103.3211730488,-44193.5471850736,-39726.3413786253,-32934.6849571336,-23410.6140934958
"92",56200.8605704807,28765.5394590266,15398.2487527492,-7320.13220703394,-14191.8214775871,-24090.2447199408,-25795.7347365757,-24148.103107368,-18885.7733753082
"93",18305.3267786049,-12572.9524095833,-32997.8136878042,-41544.2394242831,-49220.2993108878,-51833.001419664,-49840.3044954607,-43969.8391815142,-33667.9247260228
"94",17400.5151072824,-15028.3396409088,-33637.4389429579,-42762.322740672,-46581.1212336513,-53050.5133849515,-49908.1375067996,-43872.1904943566,-34515.9508959206
"95",13965.0238195785,-15185.1397632425,-35834.1303787542,-44827.6359577531,-52738.1974207142,-50804.2203321956,-44563.474241146,-39383.4826643622,-30865.0158649454
"96",9610.03674075135,-18206.045763487,-37443.4183500419,-50433.7982920297,-53872.3108713154,-53337.8189948531,-50668.1308555611,-43215.9451070246,-34010.8031364419
"97",18891.1580639901,-5665.14737254942,-20383.0474087516,-37237.5260275464,-41079.0345956153,-43593.3166884594,-41585.601070874,-37237.4841271009,-28993.355248556
"98",11819.1910782515,-8579.74550889913,-26496.9391616371,-41938.3100457713,-51517.1571979673,-51886.8463298675,-51459.5847055844,-45088.7991931177,-36521.5550164148
"99",24333.3141974324,-6332.24321514152,-25634.0017989394,-39714.8496090908,-45316.2124504525,-48961.9888094707,-47078.950236363,-42359.1907273721,-32091.8463054179
"100",24238.0844140893,-8173.6834632983,-28237.9721048127,-42503.853654771,-48744.6844883383,-51559.0945909311,-47730.6620144293,-40412.9905995538,-30818.2380036566
"101",13881.6592026958,-8859.9539732572,-33158.967488924,-46324.581026601,-52927.2283643542,-53587.4304793983,-50945.8696986705,-45853.5882322857,-36459.0250238758
"102",9787.269946113,-17998.7798560036,-38393.5799846711,-50970.4523718964,-55542.862544531,-58071.7041331225,-56171.6654704808,-48423.8807828605,-39667.0616826474
"103",5956.51932486036,-23860.0359175065,-39238.3098729022,-49537.0065024559,-52718.2182900629,-56224.3077038043,-53824.6689639261,-48498.5551904738,-38469.3733932728
"104",16769.7015639566,-10819.6454031195,-31211.611126378,-41665.7995594073,-49716.4524228368,-52992.3774542372,-52527.9940782404,-44769.4123827428,-36127.4498478512
"105",5853.88088848436,-18273.4408811251,-38223.6941763474,-49823.4203706066,-59309.754530889,-58932.5925144091,-57247.0624073234,-52897.5146319924,-41426.7966862028
"106",6567.41559830468,-19800.9054447448,-38501.339258531,-53269.8283055849,-60743.6965389174,-62453.560354437,-59907.1637093019,-54285.9690648624,-47859.207046303
"107",10722.4348757162,-19871.9173294224,-39254.2949846967,-53357.9844372252,-56745.5000513554,-59162.1227903314,-58472.917934416,-51285.550431828,-42687.5207475892
"108",7439.90630310785,-19857.3784367119,-40765.326817846,-51005.1420427197,-58056.6464556157,-58671.8773731417,-55429.1744784909,-46528.6667334408,-41214.8007052596
"109",7574.8680015999,-22966.363032826,-43060.8454878208,-51253.3761053893,-60231.6863647322,-62700.5954232883,-59395.780607317,-54109.1489444462,-44295.9718593052
"110",2438.15327270151,-25025.8827887846,-42291.0988615261,-53661.2881423689,-59535.0715499864,-61001.2695108413,-58861.516041604,-55302.0049584634,-44927.5673551057
"111",10231.6615581998,-18483.1852218611,-37444.6857361228,-48987.7911363829,-59515.9135547466,-62038.8773594765,-59043.8366919155,-51109.2172794594,-43133.4365958381
"112",7138.64900310866,-22787.9691152492,-39828.2513853962,-50722.6225734108,-55431.1388386615,-61871.9811790904,-55039.2123445794,-52372.5398374438,-41808.2073933012
"113",11340.7267422265,-17899.67929522,-35563.473876006,-41772.1244566151,-49618.7100727978,-50672.7133609045,-50746.4130169682,-45118.4225961058,-34275.552732254
"114",11166.1485589877,-19900.5296360658,-36127.6556884202,-44735.6518442783,-51204.6171474245,-53025.8374824251,-50509.5076845101,-44317.5693809673,-35364.2386614046
"115",10565.7920499144,-15105.8746964247,-34158.5524912102,-46248.4593439933,-51835.3356609334,-52619.6644076946,-52344.7828115931,-44069.0628955347,-35452.2618162822
"116",3515.27310666762,-21907.37033489,-40487.5791163043,-49902.4804591185,-54498.8924127701,-54416.7980459835,-54562.7141903838,-48026.6103219499,-39092.3626731222
"117",5032.02715762396,-19150.7808254994,-43019.9727660375,-53025.8830663167,-59373.6249257413,-65676.5888745256,-61822.6982445581,-55993.8797863452,-47086.2863851312
"118",5619.13610472996,-19570.4920189968,-40684.422123819,-53432.4233616613,-59237.7771882413,-63532.0728505675,-61433.0498157564,-54539.3652515422,-46326.5628604269
"119",10081.5597374563,-18121.9150194204,-35953.6644392922,-49096.7080841708,-53253.5913662416,-55085.4748850219,-52145.5434873503,-45960.6916169603,-36251.1842529087
"120",8218.15595827344,-16305.3079368096,-35803.7545863261,-44837.0501323945,-48934.1305880496,-51516.8271639499,-50205.941057126,-43556.58395402,-33001.9384996884
"121",9628.89509362973,-19967.50316903,-35754.0349863587,-51047.3003757342,-54396.0154889626,-57120.0850040921,-54470.3124129316,-47145.0386614084,-40400.6892248042
"122",6456.14197268174,-19696.5394414205,-38269.0057668615,-52785.3439054845,-55733.1597003469,-60200.5089675047,-56378.3979171414,-49577.3003766137,-44039.5119172873
"123",7592.90546392877,-22551.1223684901,-42409.6108484635,-52086.6194447141,-58953.0968602563,-61084.0659367527,-60104.9889721327,-54076.4534728171,-47280.6252189637
"124",2132.7609159285,-21836.2605530175,-43290.3938538499,-56727.4589125682,-60695.1044178266,-63884.3831275679,-61519.8533638671,-56571.2615668499,-46156.4653181022
"125",4141.17835969207,-20338.3253632497,-36965.0558805554,-50059.161857895,-55095.4667252296,-57098.2877236966,-56345.5751739547,-50665.6348307527,-40843.5289652968
"126",3248.05947458632,-23202.4530481908,-42498.6114962067,-55154.198981725,-60939.0542553917,-62164.2741982161,-58861.7152839961,-53399.6278187615,-45554.5170026472
"127",5437.88540768318,-26778.0023334639,-42298.8147417255,-53280.1443515318,-60383.7356244288,-63505.2550492387,-62209.2693161199,-56764.9058890035,-44254.3322290891
"128",5919.44613914778,-17563.0311117684,-39426.0723973166,-53167.6615953336,-58817.7541691884,-61078.8918871544,-57336.0103402286,-49120.5415475108,-41024.8161367195
"129",4921.5940680975,-21754.3232443265,-42773.7156864829,-55260.4643129974,-60723.427573718,-59152.8810643862,-57459.2089362364,-52424.8583435751,-45451.7128734348
"130",3775.18416595511,-22446.6343848221,-41025.124629301,-53419.3297931602,-60822.2279099536,-62468.0229906879,-58848.1533986188,-53266.55986451,-44572.8960577126
"131",4300.97752699503,-21079.1904618308,-42045.0919117269,-53862.2174871341,-62237.2590402871,-62862.8258759682,-59576.3535263451,-54867.9635894071,-42481.0329791198
"132",5014.85908963278,-26243.0122705861,-45645.0841728294,-55792.5688788802,-62645.4989206249,-65076.2076835366,-62038.5677159301,-55988.7912746392,-46751.4173996833
"133",6964.51806765522,-22956.6839319084,-40220.9005042177,-52258.029140773,-60842.0908242866,-62182.2658302576,-62128.9690170897,-56717.597768942,-46718.4595708645
"134",3139.12534752738,-22590.4798817985,-43644.7853015146,-55117.4242353999,-62641.3390106833,-64839.3360173605,-62981.4031613455,-55600.0212475537,-47807.9468361067
"135",1026.85801939841,-27186.0008099573,-45103.1467341113,-54232.1761526108,-62705.1172449739,-63963.2792380442,-62732.360742962,-57593.5806063835,-47686.0664549948
"136",1486.02184582272,-25397.8891856788,-45515.5091597949,-56899.2716374824,-61342.8817020341,-64396.2579839648,-59583.3810893114,-53926.8628181584,-46289.4355009721
"137",7594.92989392618,-20376.1283609097,-41231.2405086976,-51343.6897136402,-56730.7923678894,-59137.1703776303,-57097.8033590395,-50815.22379147,-41237.2950628481
"138",7975.94561417547,-18442.1723286254,-33835.7448418832,-46768.6755731021,-53314.2014234107,-55660.0322961691,-48367.6493993478,-44498.0752908873,-37435.8011516227
"139",2744.08941859304,-23027.183297925,-39452.2040783166,-53956.7742469389,-59150.267217823,-62291.8924522238,-58703.4059398562,-51203.9040115431,-41781.8748708959
"140",4649.17368159794,-20628.4387184299,-36590.3183469897,-49766.7233708587,-54268.1728341273,-53593.9399829586,-52274.7212225949,-47392.224174354,-36333.2786094932
"141",6112.37406617003,-22898.2385112563,-40746.9377491239,-50397.7969806073,-58486.2630611981,-56964.8887487452,-54631.8804268529,-48193.6296366122,-39537.0852847951
"142",12642.4988172062,-12025.4457870888,-28429.4404367046,-42383.4677451525,-48306.3800087769,-49945.5200480812,-47318.6410965001,-40140.5544557419,-30695.0543647682
"143",10340.7894428415,-19768.4944687099,-37132.5177207403,-51199.1425583402,-59015.7105509901,-59393.7321948918,-57934.5951812794,-50824.943640757,-40873.9734908896
"144",7653.1183191004,-17870.2381001262,-38225.3241398033,-52610.8340049621,-60957.9768654972,-62855.1957486439,-60223.6020986993,-53330.8117632034,-43263.8296015112
"145",10662.0786099148,-21119.241586427,-40248.3883264815,-52435.796500937,-59745.0292436613,-63591.0504295176,-60867.7906784579,-55633.9275159987,-45663.4264180142
"146",11407.9023334256,-21860.9031629613,-39816.1488985381,-51578.8206839154,-58791.0865342104,-60687.301347602,-59802.1740083047,-53795.7576310985,-45910.4563934771
"147",425.842706434923,-27328.6354059153,-41375.9987464244,-57464.3075526916,-64761.8552496688,-67730.4554197482,-65837.0421206765,-60755.9163696201,-51080.9494707459
"148",1591.44466024556,-23370.972494163,-45433.6956326239,-58999.3222172389,-63905.9036578459,-65481.1382927169,-61985.3959139687,-57151.6351724539,-48462.919786473
"149",773.381040743653,-23971.3286619069,-43977.749762589,-53394.3387084374,-60270.7567874381,-62518.5437212295,-60876.2239268479,-55369.7000510946,-47964.7500307129
"150",7512.78130547741,-21702.3886835298,-40661.8934277285,-49925.4266476463,-58257.4023387021,-58138.7023377264,-58757.0868656729,-54367.8804680068,-47200.507836163
"151",6341.27412478416,-19318.7354841371,-39435.0218822434,-51531.1793327754,-57129.3878189233,-59428.2481836264,-56599.5355897216,-52306.0133024318,-43661.1041796254
"152",-1755.66350287272,-25243.5784411676,-44148.1436336311,-56401.8391387779,-63398.5309277026,-64284.1005467467,-61833.5066291267,-56094.8778726343,-47600.8900270587
"153",11406.7171271006,-21380.0582164809,-38796.8758638115,-52736.7169305472,-58859.5506509357,-56408.6697861096,-55947.0372634556,-50966.0971672004,-39973.8244534409
"154",7048.29808623323,-23064.0241983695,-42728.2311885071,-54792.7454432803,-60227.0678891831,-63809.620646107,-61832.5912483418,-56497.6296741231,-45365.108782232
"155",2288.68703496299,-28262.6951050567,-44206.1434652581,-56596.1016885777,-60318.0871987224,-65201.6705123844,-61018.5523183106,-55427.3767831285,-46979.5961759233
"156",801.285803655685,-25879.043492823,-47330.6957357758,-60120.7493011515,-65718.4867931635,-68597.8172995966,-66344.3431198957,-59423.376051884,-50928.9605797643
"157",6877.68584260574,-27264.1979322663,-45228.5620869501,-57301.1744370197,-63635.8276326929,-66917.1795722943,-65991.3222419346,-58229.6294912257,-49238.8113240341
"158",6302.1510805243,-24315.3413099217,-41817.0414194397,-55473.6596423756,-62344.5387618629,-63151.8729668462,-61982.8797661288,-54543.3786926393,-46930.7009037469
"159",3041.90192050509,-24212.9659902911,-42791.882598148,-54585.3334746798,-59434.1225579796,-61412.8850638336,-58292.2532465316,-51874.6818933764,-43204.6444164769
"160",673.465562664015,-26080.0300406146,-43453.7340714166,-55037.4930044986,-62476.5508949266,-64526.0287882994,-61840.9825022431,-54139.3345756796,-45302.2953339184
"161",3168.86831779002,-25264.84438993,-46744.0334670425,-58579.080100893,-64140.5267952474,-65061.499717568,-63620.6869421365,-56718.9004468881,-49355.473945195
"162",2061.59076126899,-26981.6208455522,-44200.1055734939,-56406.2874308125,-61500.3745496388,-65062.1106792997,-61840.4375236493,-56993.4518555314,-47555.5726149323
"163",16952.2933500036,-12240.647433143,-32244.1107416715,-42786.3028419911,-50524.929697237,-51169.7658197632,-47955.8218928091,-45662.4326820403,-36065.8874818535
"164",12326.5835866809,-20392.8246297505,-36614.4105954185,-46978.2022769778,-54799.0306691026,-57214.1450372374,-54769.6197744504,-49061.2470706783,-39918.4959284763
"165",3175.19516976594,-23555.7896580538,-40284.6500632495,-53781.1469197234,-59069.5241218553,-60117.6237840174,-57074.4596710465,-50818.3976192801,-42913.9459983833
"166",1268.02796063767,-24870.85812693,-43800.9772131015,-55809.9973603256,-62226.904499909,-65837.4701227818,-63243.3726369664,-56778.8438037041,-48176.8998500117
"167",7496.18943948972,-20231.0982713756,-39652.4476629272,-55351.8739577256,-62507.7612096155,-62525.3472521812,-60688.9332321629,-54844.2673477451,-45611.8706130247
"168",6401.05323672676,-18534.8917899188,-35496.4529051343,-46499.3830925326,-55537.5528974701,-59056.9602965689,-55269.5599441884,-49458.9389197797,-41637.9395210655
"169",-3656.03123925248,-28335.1258887919,-44107.368745371,-53556.8524523692,-60693.3108615416,-62562.9580824517,-57174.1076932969,-52911.4847821978,-43275.2750487718
"170",-292.056806146328,-26635.7650535962,-42466.2114297249,-55535.8485211469,-61369.6232024643,-62098.5668625596,-60160.1365356941,-52594.4432613151,-42052.2242240441
"171",-1193.50460590981,-27667.7001182352,-44021.0664492391,-54073.3971992471,-60156.28486031,-58771.356032237,-55580.4303425863,-50130.535191654,-40040.6825082441
"172",-119.632768514771,-23579.724370538,-43682.9040125434,-56585.960334866,-62500.9032338705,-63748.1081972111,-62629.1979269731,-56515.2681236779,-45376.3829697664
"173",17199.9959908077,717.17327809687,-15079.7951572553,-21405.7323711872,-27303.6908807086,-26329.1456573971,-21395.1086202007,-14223.3387833466,-3692.03016551939
"174",31196.3136473856,5231.51581177774,-15813.6736314129,-31306.6537896646,-39434.7964477652,-40040.9485053504,-36895.3026284531,-32314.4013482689,-21668.2747717295
"175",30755.1553526861,4654.43739501312,-18617.0623686156,-30853.6832099931,-37523.2333357072,-40658.8863414392,-38254.9165199869,-29609.9360389871,-21344.9161042011
"176",25174.2741018207,5256.20011015911,-14784.503234772,-28073.1340450404,-35638.7161738558,-42765.3554715982,-40826.6673080897,-30875.6012999543,-23450.1224175807
"177",22163.1638497044,4944.76671129888,-23262.6920005993,-33191.0008882622,-41437.2178329803,-44402.1894295812,-39837.8004538721,-36462.8503126872,-26269.1325388773
"178",20608.0636751945,-8389.139860905,-26986.2549308104,-41954.295171261,-49873.69209326,-51612.6237867093,-49183.8426791685,-43634.5350557247,-34807.0622724393
"179",11728.9378933701,-14116.9355827383,-31600.1728258215,-43967.2981341266,-52644.4210175255,-56248.6041322946,-53620.5509325631,-47553.540572153,-39083.7008010934
"180",17469.8194833461,-8748.32629493675,-29550.2808459176,-42960.0247009161,-48777.6493016993,-50407.5196381926,-45244.4135373831,-41178.7657338212,-34743.3422961619
"181",11650.1517180458,-12090.0144800627,-23017.4759762259,-36100.7241643134,-44202.292683457,-44840.1324383374,-41558.617310186,-35608.6803856189,-24856.3878148076
"182",8741.44849584281,-16647.4172107555,-35342.8697705358,-46950.5935230913,-54705.5737374322,-52376.8164894264,-50925.9162086865,-44798.3676872112,-34948.7572328013
"183",5473.36243188684,-20537.9864934956,-37906.4424886804,-47584.2458152007,-54508.5438410241,-55691.37109322,-50548.0848631695,-44654.8003553607,-37867.8794583112
"184",7833.52345719829,-15530.9307840853,-33760.0049727404,-41313.3811374112,-55928.0080952635,-57750.8648821406,-53587.5644502201,-48959.9356921624,-40351.8010362768
"185",13551.2279026563,-12840.6832511484,-32670.0597371521,-47699.7931866842,-52247.6977464197,-56493.959091805,-53131.0350927781,-47590.3900364697,-38535.2662282273
"186",12745.0054783589,-15364.5278391343,-35949.1345964647,-46601.8067383607,-51306.6277167412,-54502.238630658,-51435.1810946521,-46476.4466381799,-39971.50706897
"187",23965.0911426534,-7129.11704465359,-23160.2590162165,-34104.0755002949,-41896.3450434699,-43874.3243467343,-37633.6233183266,-31613.2332855895,-23388.7229810117
"188",21246.8869697272,431.636762892227,-15747.9525251521,-29416.0060883806,-33862.2500376459,-44487.0797059622,-41405.6837030094,-36806.0173606937,-27919.2565910291
"189",16698.6558055176,-10942.1973752026,-27373.2137315949,-42576.3113198905,-50991.0568219166,-49459.915661076,-48109.5762061679,-43172.7326462789,-36228.2371550921
"190",16731.2856047542,-15294.4852954678,-34478.2486891696,-46906.6567591119,-52419.6125121071,-56396.6193168616,-51077.4983985706,-47257.8832600527,-38492.4178082937
"191",5018.69381060524,-21581.8169881799,-38746.2009968932,-51796.3961699026,-58263.6336995621,-59875.1691742457,-58129.157841519,-55100.9752382181,-45844.9383811571
"192",3656.4590508291,-23980.0807452752,-42641.1803175982,-53082.1808279565,-62455.9754856566,-64106.8847093561,-61648.6152070779,-55026.8784434272,-45238.7680496241
"193",4156.31728476642,-18803.1735673217,-38620.0889492928,-53880.0028316344,-60103.9234214407,-63358.0818845074,-60772.3492274622,-54840.1888529829,-45671.2504187813
"194",3645.07600646345,-23600.0349766197,-42758.9356271472,-54390.1748157493,-61560.7792377022,-63399.0197751693,-57028.7868001286,-52565.8758637599,-43068.6358133752
"195",15437.877849955,-17088.6447201536,-37347.5326469963,-47936.3645957293,-54336.0011592291,-57236.3816639404,-55516.9726954454,-50294.3874264088,-40682.7430872306
"196",11047.7163288489,-15502.702719278,-34808.9347348195,-47987.4665750712,-56060.3129546154,-58070.8595924064,-52990.4093417992,-45605.96960821,-35800.9163715633
"197",19680.2004882494,-19245.9373007752,-32987.3800197474,-46963.386968225,-53610.2763133315,-56802.8664009737,-53791.2719122216,-49164.0310540772,-37581.8292476742
"198",21870.0837696843,-11092.2225018264,-31371.3042628279,-43898.6086659682,-51602.1192623454,-53522.7854908243,-54216.471217073,-48356.3750746711,-39735.6293998337
"199",5703.85061998764,-17282.9179286653,-38324.1919528038,-51473.6931165603,-57428.8582922054,-57800.4595021493,-54184.2001973125,-48686.2460562274,-40431.8364120279
"200",12312.2197701638,-18267.3413421996,-36389.6935939891,-50315.0990160728,-55010.5837051474,-57257.7857148142,-54441.4170660231,-48350.1616977425,-38058.6460082326
"201",1262.66761685305,-24318.8794948056,-40474.6644434527,-53592.5158751947,-60101.1464126576,-62525.5191787002,-56826.604938141,-54030.0031976404,-44349.8013924085
"202",2085.38746230784,-25698.5110801575,-41135.0909644578,-51416.9986337624,-59751.6960972739,-60115.1323788968,-58275.5111175121,-53780.3070176807,-42291.7066575833
"203",6782.97956628242,-20186.8298984409,-39197.6085023684,-51256.6096897219,-60181.3879622658,-61598.2764078547,-60274.1922354917,-52137.7625975908,-42796.2392388672
"204",4212.52875312162,-23538.0717758397,-37070.313434697,-47438.029040393,-54165.97472465,-55820.863407487,-53498.4748620195,-46569.8449939679,-38003.6983140411
"205",6421.84971473475,-15419.9837774339,-31573.0053811686,-46567.9797330582,-54053.0888283423,-55808.0700959705,-52609.1371459698,-46244.800625337,-37253.7553183674
"206",5952.06876169206,-22541.155490229,-42053.5491182433,-52612.7201099925,-58566.1463687393,-60379.3938974921,-56526.4518251026,-49045.3941592891,-39828.8876315021
"207",2052.47871664821,-25808.8148602089,-41361.1627903779,-53244.731640196,-59232.2376073678,-59221.5151909566,-56718.7302666082,-52092.3420264158,-42058.1344279019
"208",14698.4172430034,-18751.7134053679,-37486.0269796273,-51620.1793029328,-57623.0640927624,-57495.594084667,-55690.8850061869,-49639.3923933161,-40814.5081548016
"209",13985.0503492594,-9162.72936002368,-27871.3614811982,-35623.8748916155,-40736.5257695674,-42786.7109245225,-40332.3565991768,-34727.514823973,-24522.853703243
"210",35768.0636783211,1672.0581600978,-22371.0609366155,-35266.634338777,-42116.8628733722,-42567.4093893362,-40812.2009246373,-37066.4678765813,-25769.759041621
"211",11544.5384598805,-19500.1086031293,-36500.5550743021,-45898.9130631174,-54562.9734710755,-56291.2782981805,-52722.6544304906,-48280.3625748761,-38557.0793307524
"212",9912.05201113979,-15478.4019815205,-36597.5847641217,-49451.423632008,-54656.9478099936,-55248.3139504188,-53120.9482944374,-45810.7183470446,-38189.728298766
"213",1966.94133208744,-25419.8805077325,-42218.2036351192,-54440.4947642963,-60137.1296470588,-61219.5454706204,-58145.1283173271,-52673.3906654154,-44080.0846747313
"214",1144.73587495643,-24950.1639236525,-45106.8046606502,-56009.1291960525,-60543.4125783087,-64433.2041381837,-59441.2053410978,-55747.7945457873,-45565.2087563477
"215",6585.29190672799,-15981.8941560108,-38463.1381688781,-52850.300407304,-56721.4644713121,-56332.7007548676,-54122.7892898762,-49111.2686811577,-41392.2738805768
"216",12087.4205251949,-23418.155257867,-39748.6195407151,-52775.238826287,-59188.6339266143,-60703.3016848078,-57473.9498210153,-52233.4347585113,-43788.7800952331
"217",6373.21988794216,-24626.8919343588,-42846.8253180338,-50973.9471213341,-57447.202464012,-58369.662096544,-54437.6276086914,-49238.9283484455,-40619.4726709415
"218",11870.2750958537,-19914.9141399804,-37458.8613347457,-50347.8738786423,-56666.8440792632,-58248.550018863,-54724.2718700547,-49443.0309438778,-40973.5689730266
"219",35633.1208985879,588.272989507368,-14707.2962066011,-27360.9379029862,-32726.6979839657,-35624.7435316638,-38804.4110632801,-31281.415048808,-21882.5460538892
"220",16604.1984750474,-7332.31719832665,-26331.8004026988,-41935.044389742,-48672.5889038723,-48232.2669834181,-48522.0413090692,-41928.0851608775,-36195.0747656352
"221",7111.19897068727,-21317.5768115312,-35681.8468272943,-48991.4210728182,-55671.6310615522,-57532.8604115485,-53367.0726355736,-49551.7502605549,-40186.544635254
"222",6461.69751607119,-24386.6337070301,-40817.8140653777,-52713.5517705482,-60231.1011794415,-61568.9868992341,-60746.5986944471,-54076.7024753876,-44581.3583957047
"223",3217.5194794164,-19544.3393179309,-40424.8071187891,-49913.4068971852,-59995.4385074306,-60737.2854029711,-56218.0194601243,-50227.7019612577,-41629.6504819602
"224",11101.9761770989,-18969.5553583367,-38388.1270325144,-51547.0017159554,-59629.8239928754,-60631.5483136842,-57533.8619196478,-51735.8023894733,-40945.12819219
"225",3580.80922858717,-25208.5561938625,-41249.6522072594,-51611.1485906154,-58927.125624763,-61626.7680710887,-57850.1205616984,-53008.4435491553,-41868.2336982253
"226",3873.00077376373,-20467.8857930409,-37221.6724597283,-48923.6250048311,-55174.3492800321,-56446.3964349274,-52313.9178190691,-47135.4525239442,-36305.5313346541
"227",5628.13494956307,-24827.2886211342,-39854.289584096,-52943.1270212317,-58840.1837656936,-60145.0069299266,-57399.7775028286,-51009.1387535368,-41025.7956768874
"228",-1474.89792988618,-26103.2646749526,-43044.5901660396,-55252.6590565263,-59969.1521955982,-63037.3300277657,-58985.1544094021,-52843.2670350097,-41997.5508154909
"229",2724.71048565057,-23921.4440892716,-39887.9395979275,-52478.2194202208,-62248.0894848229,-61347.7958477721,-59831.1775652073,-55323.0724521066,-46545.3064618324
"230",1501.66529051779,-25884.7454865812,-44056.4764582166,-54862.8145822681,-61423.9541970432,-62760.0399984848,-62246.462641741,-55404.0053962314,-46155.5652232263
"231",2299.55053687631,-22635.9343589566,-39600.0463511656,-53422.9960620369,-59164.4928065574,-62658.010802643,-58839.3837297123,-53883.2626417236,-44174.6831778384
"232",62.8249331357356,-22483.788507469,-43039.2437244211,-56105.3091260239,-64063.3238153484,-66479.02212002,-64006.2955074996,-57119.0923091943,-50343.139867821
"233",10096.9716926186,-23316.963590444,-39924.583732788,-54545.2920875745,-60351.3185678167,-62299.4026632171,-60330.2668012695,-53852.4568308933,-44850.2712912771
"234",2645.2229917614,-23797.4839574282,-42124.4490325586,-55611.1731278495,-60334.631446851,-63279.5006342984,-60731.1180747487,-55756.2472636768,-46417.5812913172
"235",2545.77780858667,-25206.5524521221,-46549.3613699737,-57290.8936332831,-63746.889950815,-64797.4658071558,-62199.5423663591,-55938.5199464454,-48205.8736561793
"236",3250.64729057139,-28471.5391932836,-45560.3559514253,-57641.4176937981,-61661.1813512872,-62427.5992063271,-60958.729878262,-54805.0176108013,-49205.2042477882
"237",4522.09011131783,-27314.3871676201,-43356.1592172063,-54390.3744951629,-61975.8978749844,-63354.0449609688,-57879.7673813228,-54481.1623567721,-47326.4064568616
"238",3035.60086702756,-25062.8182932866,-42553.6821008825,-56491.6145592882,-62784.5322687038,-65252.4827474739,-61590.6771302196,-56506.6507821819,-47013.8067385331
"239",647.418327126768,-24718.3655936514,-45839.584531135,-56568.0446351834,-62981.2626601718,-65038.4745963838,-62937.0080401938,-57486.6994960885,-46200.5725735559
"240",8344.17048163927,-20141.5635963049,-41333.1241306131,-50983.3694692791,-58507.7731226487,-59140.7269382425,-57749.4237785794,-53331.1151791198,-44223.7015016934
"241",4940.38847934239,-22459.1860158349,-39120.760540361,-52112.7863787614,-58507.9414051141,-61737.366858862,-58075.5608437964,-50555.1100050459,-42355.1688567197
"242",7330.03936960323,-19623.5097623448,-40733.903975515,-52628.4939951288,-59397.8155418389,-62129.2808369685,-59524.0671498748,-53528.9549286413,-43827.8432079245
"243",7406.87877798325,-21945.9316244989,-42803.5407714432,-53008.3569166938,-60573.2260488116,-60024.5496176897,-59114.5415273691,-52859.4540421562,-40967.0588513371
"244",6079.89031276855,-24436.4227836665,-42886.5120486228,-55394.4549265056,-59687.269850545,-60615.5342901087,-61504.1764648321,-55012.8317454675,-45051.7057645162
"245",13645.1821250669,-14377.0396515626,-30751.6488199333,-46587.8450660258,-51190.2486602848,-54121.4102398565,-54684.6471757848,-46513.3545640716,-40622.5760654611
"246",15036.9760489327,-14212.313377022,-34594.4371590813,-46629.1242879563,-55846.3383072548,-57314.0437665218,-54516.2917988199,-46260.3949428577,-39202.2558736812
"247",4074.23627162904,-28306.1265764904,-44453.9401275321,-55730.0457567393,-64612.1701418722,-66397.262496886,-64072.6769079869,-58969.9652126247,-48622.2074556985
"248",2184.23846336406,-26264.6544856066,-44566.1243630353,-54803.6062760838,-63207.4071298539,-64189.7275781674,-61148.9068482097,-57115.7844133875,-48147.1364500911
"249",4822.59653805144,-21225.2011535939,-41316.535008063,-53931.5969209041,-64265.567397862,-66045.2663405987,-62068.6339757174,-56157.7253444779,-46495.6151865313
"250",4221.71299994546,-19101.8738215392,-39674.3043496949,-49913.0546545825,-58443.8519023481,-57187.9048226135,-54714.8731528441,-47756.463227954,-40523.4825749093
"251",-555.160685722906,-25731.3934714219,-47593.7340075286,-60262.8506181297,-65705.9753291758,-68649.7866822957,-65584.1144781786,-59945.2648374896,-50059.7408051301
"252",-889.368993782119,-25119.8463512334,-43943.1652630338,-55965.5415567283,-63533.3184463371,-62921.0022872432,-62943.9361173595,-57376.2456738869,-47044.5090481571
"253",-2034.3575197394,-27073.6616507155,-46008.6317986165,-58023.3441769855,-63090.4708957941,-64175.5173850307,-59921.1352032738,-55645.471583859,-46869.6971963888
"254",7654.00709416756,-21988.3034631832,-41929.7395750575,-52990.3920611415,-58115.9869163019,-60798.2987722632,-58803.3228686254,-51910.0693850352,-41698.4231911573
"255",4408.89359380281,-24146.5194886524,-42342.1461677802,-54423.5923092771,-60201.5635852697,-63230.7674662322,-58602.7390324716,-51224.2170930587,-40859.9050682624
"256",4801.66511177921,-26662.9466004309,-42661.1902051645,-53282.5161938395,-58895.5234760079,-59108.2151874459,-57130.260053979,-50232.5940755093,-42041.9928081403
"257",8722.49683930479,-22501.2813492646,-39356.9677978833,-52308.3292578082,-54872.9341748101,-57808.9304516778,-54990.682133481,-47548.1526714784,-39429.9596871639
"258",1185.29156127051,-24988.0311655995,-44022.4590297144,-54075.9667702607,-57146.4226895117,-59999.4666775654,-55965.71297657,-53277.8742911243,-41518.8123314291
"259",8737.87587548405,-10437.2897259359,-26004.1117999874,-35534.8919352703,-38787.2022132863,-39227.2246231559,-34032.9142912858,-26024.1030587247,-13379.5991462283
"260",16687.9948150441,-9547.25147443144,-28156.9566902093,-39623.6739915573,-45008.2543294423,-46091.8825486927,-43169.937862954,-37344.6731813381,-25310.665090716
"261",22637.4669650981,-5245.99596201365,-18974.3282864886,-28017.0903051014,-39565.5620329139,-41636.8154995044,-40522.5664114573,-32268.9758533276,-25056.2738274019
"262",18955.9774255005,-4076.96011949798,-18351.4366214144,-35766.3723347079,-40737.4198806397,-44418.1656422089,-43211.6347120534,-36946.7870780303,-30549.8577386374
"263",18906.7844024578,-3952.16082134137,-23357.0635888785,-34162.0971045317,-43115.4236597621,-44822.8610230207,-41799.8974510533,-35109.996290678,-26304.54756167
"264",20137.9935856131,-6253.89204660493,-23559.4746579149,-35122.9913706325,-38970.6598004234,-41421.1648503447,-41790.1563500538,-35553.547344008,-24494.6679653224
"265",3075.03042239096,-17702.4342606962,-32681.5527869077,-48510.4248848264,-54186.2261718811,-56972.6563399739,-53740.755849935,-50529.4935527184,-40522.9618916215
"266",13241.6455151532,-15094.792165661,-29122.8079735446,-43816.5545473047,-53077.9029036304,-52032.6806478831,-52008.8520495671,-46320.1601123157,-36037.561331545
"267",25984.6739749358,-4606.42267929219,-20913.5103673751,-32350.1531286549,-36612.6860546902,-36663.4178869531,-28364.1241725399,-27210.9355893269,-18457.4401043095
"268",9464.36403558257,-15575.5515603135,-30915.9854900209,-45827.5956320074,-49616.711251051,-51342.9684550953,-49149.7226822585,-40473.4636950378,-31571.603323358
"269",12483.702959332,-21958.5067382315,-36955.1854546769,-45613.9520324622,-56485.2443499069,-58102.143169785,-55610.1612410512,-47122.372566055,-38796.836103472
"270",7554.16106483163,-23304.921680774,-36673.8800452999,-50979.9725220481,-55060.2532272487,-57257.5349410853,-55740.898992663,-48927.4217645944,-40706.6274396733
"271",3895.85299651974,-22290.0055647167,-39192.3028602275,-51530.2585541759,-57668.799842835,-58231.6497993308,-57018.9334990212,-52252.0808642896,-42251.0904801252
"272",22738.9124523802,-5128.45555418278,-27076.7268507662,-39271.0053311088,-49056.3897669197,-51697.1305472979,-48542.750693057,-44811.3051448903,-36596.1540343738
"273",14930.6768931818,-13084.6412070743,-32257.4790328262,-42895.8378198364,-47954.6675207891,-51947.1435105418,-50224.3332902885,-43622.2886515441,-34970.0959686578
"274",17340.177079029,-9297.94889141564,-29558.986450041,-40839.4522672218,-52534.7318947964,-52204.6373581192,-48524.4236687402,-44517.2525133224,-34817.013697807
"275",10194.5402547419,-15646.6072991386,-34327.9460102894,-44792.695868797,-49436.064560342,-55005.3572833932,-46972.271544351,-42952.2424031019,-32537.6204414037
"276",5474.75894975167,-21162.9575041875,-34073.7639338498,-45489.3028329281,-54671.4778862734,-55222.2397375631,-53128.048967958,-46735.7137080357,-37822.274850021
"277",11139.7270906193,-20819.2667677259,-37680.7806899655,-50613.8738592254,-57367.6553228271,-60490.2662475956,-57739.0939747312,-51555.1020682133,-45055.2578941517
"278",7147.93801246051,-20266.6968259999,-36466.6709925664,-48827.0514577288,-55377.9780542296,-56690.8961620826,-55205.1677070504,-47617.7664564026,-40829.3223187341
"279",23275.4038539081,-5238.07914497042,-21527.8501941227,-33981.5897359903,-40642.041258362,-42057.5847742062,-41088.3142130723,-37124.4444020337,-29324.4396623505
"280",23516.4451671874,2616.54701063416,-19755.7665635947,-34443.0727542897,-43241.9980264194,-44486.5699196883,-42377.8950810975,-37053.6902589963,-27799.871408569
"281",12685.7899455436,-16818.457170477,-39810.5852193448,-50262.0635758334,-58191.0073673405,-61182.4671612892,-59499.5823146743,-53978.3680801843,-43510.7761752747
"282",11957.2125624157,-18703.2599853229,-36267.5061398726,-51800.0475283404,-58149.8459157481,-58963.2763809633,-56603.2415643606,-52326.5079288149,-41692.2019008595
"283",7265.33190201874,-22420.3349982741,-41001.7148636081,-53582.3510642346,-61949.3359246262,-63886.0970878453,-60684.4825569776,-54208.8019817791,-46631.7844420167
"284",5425.67350665005,-20900.0066625746,-34791.2518972357,-50373.8887332331,-56764.8217992057,-61116.7059274254,-58989.3375289423,-50637.0567657511,-43083.5131234019
"285",6434.58779089947,-16967.3644044308,-38413.4495304974,-50148.2635124811,-54565.0250412599,-54668.0722630775,-51443.4890037634,-44496.8521885565,-35959.4500148924
"286",8960.25445023507,-20029.2697660288,-35731.5681031562,-45179.6826248247,-53778.7117906086,-57229.2055969775,-52171.7703938032,-47537.0494588711,-38409.3287179111
"287",9111.57154971037,-17061.2800806366,-40135.3686380752,-51250.2756742451,-55918.3724855925,-58686.930112787,-58585.5132406508,-51152.4037499246,-41541.2082525247
"288",12083.3303658785,-14068.1394476577,-36482.4257219408,-47142.1657149371,-53754.8303898035,-52734.3620634285,-51820.113330473,-45188.1020127662,-36291.8664907165
"289",5420.4894736922,-20873.1419976633,-40974.3689675591,-55187.6943416801,-60041.6758710943,-64352.4268282828,-59560.400576346,-54631.1646007789,-47042.9185069305
"290",6416.47285694542,-21811.406275783,-40781.9350556748,-50521.6103922021,-60390.1113354787,-62430.0013993021,-58122.0453103082,-52630.764877183,-44403.3434271279
"291",10378.3922113334,-14782.5794575621,-32797.7692483607,-44303.7477909709,-50486.896372398,-53560.0006229414,-51016.3163450205,-44131.0001577104,-33116.4106131094
"292",9898.73635421832,-14870.8302284443,-32649.8214958415,-41821.1370364542,-50872.9641563434,-52121.964145162,-46069.3609532449,-43116.9380712104,-34566.9669345094
"293",13517.4279512544,-15523.3001142187,-36700.0170747539,-47615.4398397351,-50364.2935687332,-53734.2176336866,-52094.6123760316,-46812.9624958389,-37203.7371924648
"294",6175.89994356823,-21997.0135366,-42003.4551239545,-53696.6348924591,-59202.0029393816,-60592.5767238933,-58327.3415933072,-54853.1435389468,-46357.4152923339
"295",-49.3738048337991,-25855.5145056203,-46299.0828568199,-54837.4161099356,-63506.1939821683,-66931.318601805,-64383.1198831693,-59591.3536426424,-47873.7973042781
"296",3156.5371369349,-22204.9762949028,-38139.350982349,-50316.9889675783,-55670.3120200942,-57852.3804015422,-53598.1924649237,-48321.132838256,-38860.548172774
"297",8658.63367702829,-15899.7869752321,-34433.2453780215,-43879.7121387602,-54783.8548944723,-56835.9091993471,-51889.4172491809,-47453.0269967249,-37200.7258833393
"298",12590.1924631241,-14335.6162458613,-35280.7696580081,-46522.8217946001,-53592.0661578287,-55174.5146106541,-51041.3723763037,-45558.1082434604,-37272.188308291
"299",6384.38464377411,-18153.4395930615,-39168.6878203189,-50865.3797254594,-56841.0132618745,-59766.2356603672,-56895.7936861245,-48281.697570516,-41112.4768389906
"300",8182.73617885954,-20875.0812487114,-42522.0828548495,-55739.4372737441,-59336.9703509715,-62329.1461946875,-57501.3926832533,-51714.6362934281,-42480.3221431523
"301",17657.8967445358,-8204.01279468641,-25956.093857416,-41516.2920969307,-45779.23612547,-46147.2895226725,-45345.5253978979,-40425.4150887484,-33614.2221965883
"302",12348.6347385549,-15494.1515208037,-36436.4473807008,-46585.1879136635,-52693.3309217939,-54414.9343546264,-52693.7702527571,-46925.6780633043,-38043.02194686
"303",8005.61973209989,-19211.0438177007,-42568.7748241285,-54077.3485132533,-60086.8354119998,-61442.7012969137,-59307.5076862257,-55830.6222601657,-44633.7248798712
"304",4836.71456753989,-23245.4063900049,-42747.2396156254,-53536.5586120075,-58111.2026329984,-60792.3233927579,-58481.0274463743,-51741.2166995403,-41987.7983459645
"305",6623.81326364886,-21554.1446667326,-40625.2117013207,-51502.4647440164,-58821.5174253954,-59645.7409486721,-58802.3352243277,-54369.3642154689,-45207.9349816593
"306",4290.80320118724,-22028.0194388769,-42267.7634623415,-50743.5857624632,-59727.6605470473,-61066.8338474397,-56582.523528435,-52844.642650824,-43873.9222467197
"307",4388.96441880641,-22761.1025161896,-38091.9561076935,-51281.4636837249,-56495.8900738645,-58471.2137798335,-56422.5026615816,-50842.9641505849,-41156.9998268218
"308",9601.49182209517,-20996.8682759918,-39645.1945778915,-48109.4218232699,-53924.7137711176,-55511.1596126539,-52755.6317231944,-47047.9023945669,-39085.0929276767
"309",8696.85162898227,-20994.232607687,-39836.1614237681,-56300.8225159813,-60998.7117685664,-62866.5710936005,-59666.433786118,-53694.1932149868,-43330.576987917
"310",3557.80917518336,-26809.2006343037,-45528.1444912764,-58702.7512198843,-64032.1052370331,-66604.6803380179,-63502.4055879165,-58125.7536685504,-47316.8560373049
"311",2040.09773662905,-28776.6091678755,-45464.1751375189,-53823.1413932365,-60950.5572947689,-60204.0315727319,-58432.5479906476,-52382.1200488818,-41383.8531331508
"312",4551.03059882689,-27143.0981362745,-43044.2934006447,-53751.0183954021,-59636.3681741359,-60293.2680608059,-56842.6325703893,-50230.7593270339,-41058.1695585415
"313",6003.40430541334,-21065.9038258617,-38664.9539298207,-46677.134551575,-53454.6983495056,-53765.7224700984,-51206.9356660809,-44164.8670021875,-36041.9380458822
"314",12217.2944006768,-10067.8208632968,-28704.1151485981,-41639.3768347537,-51578.0882399048,-52393.941492551,-51130.4692695902,-47104.0745787,-38985.5961777438
"315",15739.0988314728,-10801.8391134839,-32327.2639673585,-45161.4681660847,-51668.6086966292,-55417.6831235386,-49473.6249477479,-47835.8204173395,-36768.7450509778
"316",2191.28777598425,-27473.7467104788,-43140.3298574328,-55351.7293858213,-64114.973384074,-66354.5128246493,-63542.0572957205,-60265.550073483,-49974.7785337585
"317",6998.4819805968,-23158.434176202,-42427.2133593707,-53489.4748464252,-58991.7029601797,-59872.9068154298,-58015.5212527653,-51707.136735946,-43290.7193687808
"318",3786.06264096842,-23065.9732457062,-42636.8260004692,-54195.6513824357,-61327.3299467548,-62448.21400049,-60029.3772561043,-54651.1053163824,-45198.6990710547
"319",7304.85049371192,-23295.8750090348,-42880.7852282957,-54948.330864918,-60871.4709713106,-60177.480592304,-60078.1768171342,-51409.4306425872,-42910.2771957454
"320",7494.10218949379,-21608.9969215766,-39337.4225837233,-53979.2774274466,-62344.1948078857,-63068.535904248,-58915.5900484341,-53490.2392233242,-45332.7253124669
"321",11695.7646153632,-14674.7212536316,-30990.0391839127,-47655.7367982573,-52620.8892944236,-53072.7311815641,-51404.5707775321,-45346.826990832,-37892.5749114387
"322",15999.1624048227,-18317.2570260079,-33413.1590869501,-48039.0540835159,-51734.4635202732,-55823.9480242597,-51050.0372650924,-42799.5339180301,-36932.4575314855
"323",5372.84488885583,-28007.086790144,-46603.1062871631,-58088.845064045,-63496.4409565082,-64551.08491908,-64405.7739829229,-57882.888618146,-48581.2662280201
"324",2538.22937879807,-25793.6389002072,-43508.0326729665,-56978.01811187,-62324.8726826297,-65284.1991464002,-63147.5540974331,-57330.1600407712,-46818.8961254934
"325",21.5506533319267,-25326.3595992733,-44621.9111473338,-55610.2538824484,-62450.4074143854,-63904.3848564899,-61380.2790797301,-55741.6864819549,-46144.2719840013
"326",24.2989079631507,-28840.0290039578,-44331.4655998397,-58582.9887261026,-64402.2538317891,-66039.1234316553,-64111.0109594117,-58308.6717784798,-47624.2882646037
"327",-1217.43652465736,-26122.5405261423,-45707.5531164909,-57088.186240331,-64074.5205559048,-64168.4195872308,-63538.3417663451,-58320.7185910714,-47462.6399260716
"328",4793.03759803872,-20165.209872364,-39557.525570396,-52173.6016473189,-57508.5759143884,-61147.5558186614,-59074.8819609458,-54662.4853789581,-43593.9089557009
"329",6794.87742530325,-22211.8241795781,-40020.126126079,-55043.4169833029,-63388.8649508434,-64951.1415960599,-63241.7111227919,-58579.285491659,-49455.0842458658
"330",9833.0803524743,-20298.1995161409,-42360.4773105917,-54760.8938439574,-61915.6337541856,-60892.8796618171,-59954.4681002964,-51870.8143836999,-44547.6466664916
"331",1099.71141188133,-24660.6628409315,-43864.0402403155,-58558.7758605542,-64779.7717568515,-66894.4236985822,-64696.0604665737,-59673.9148973854,-51129.722730926
"332",11403.8232418807,-19716.1386298852,-38695.9869174576,-51387.373736873,-56649.5413089714,-60446.483835039,-55932.9559113941,-51948.9301139027,-40690.824975332
"333",6946.1751229323,-20593.5941008415,-38963.4286730728,-49824.3828760543,-58734.9237758297,-61968.0734024956,-60345.2049784371,-55659.2530320008,-47254.9306502478
"334",11977.5330064472,-18420.3808463878,-38020.3438973908,-51684.7918207119,-58020.7368744606,-60419.8124282191,-57572.4050734797,-50283.0988966758,-44140.0729883944
"335",4083.49576271293,-20006.3889154023,-38202.5075009068,-51569.1023166587,-59049.9847955832,-58974.7034886079,-60410.6888932674,-54497.7414365232,-44075.4222988917
"336",2910.60767000173,-22813.7399885645,-41023.7131866664,-52809.1431593732,-59435.6526791746,-60089.4758944674,-57285.0333880136,-52096.9567926005,-42506.0047885302
"337",2935.33979215281,-21944.6010602824,-41348.3714533126,-54817.59183446,-58088.8172440338,-62556.8275760874,-58504.6127646138,-52130.0147751719,-44716.8576904626
"338",3258.96366847267,-21474.8517329637,-40194.9818034113,-51259.4798878744,-58999.3892939108,-60788.8204870651,-58975.6438518987,-52038.1056282679,-44074.7401437893
"339",6326.77610811018,-25461.4540579358,-40039.9669903625,-53095.4986282507,-62714.5487857255,-65120.7950572815,-62251.0571379674,-53405.8291474857,-46111.3976465639
"340",6626.92424563679,-22307.7090993981,-40245.2459776771,-53052.427334342,-60884.6683483013,-62761.4252641595,-59243.7339525459,-52051.4389785859,-44053.8254160836
"341",10711.4360691757,-23063.4832355683,-41033.0135734527,-52276.249298466,-58014.4809876452,-58515.9209828524,-55668.8588730487,-48489.2248230136,-39042.5328105134
"342",1118.02084006983,-25346.1417950005,-40826.4920810139,-52067.9801315834,-60021.7631786271,-60004.186825957,-57691.0090761968,-49846.9501696265,-40488.2864606784
"343",3209.29839357835,-23881.1837333411,-39181.8657061811,-51754.7858347563,-57702.3328337324,-60642.13381012,-53887.0183205881,-49917.7638570965,-41382.3478226938
"344",6154.94464605499,-21058.7876113459,-38579.680271801,-51917.6734238447,-56328.5581983725,-58252.6789196204,-56340.5150166933,-49357.5620500026,-40447.260116053
"345",10565.97812646,-10570.7926974507,-22755.0965856102,-35359.3728409417,-38494.3459055749,-38402.3516344938,-31645.9601356244,-22878.5868003924,-13732.6264079622
"346",9543.60269147577,-19196.8058073475,-35450.4982913042,-47177.6919372609,-53936.4033749433,-53254.4379934924,-49895.9193996389,-44470.8723794199,-35278.0202916303
"347",333.166548654698,-21380.4853838926,-37886.8711852147,-47313.0350717777,-55561.8728290587,-57960.2481597503,-55508.458056655,-49162.2887072635,-37627.8238930787
"348",11975.1530053309,-19731.8824394291,-39092.7476339134,-49495.9886642732,-56857.5361492485,-57722.8325530209,-55907.0916163521,-50966.3752175702,-39966.3902414395
"349",8336.22907737245,-19409.4884097915,-42120.2159315108,-53036.940953791,-56698.8974576693,-59002.1994892953,-53175.8517564747,-50069.3567287821,-41575.6778224453
"350",5527.61621041511,-22315.9322824635,-38987.2939645499,-50881.8615015772,-57483.9529374635,-58189.2348234612,-57349.0001268445,-50789.0028135554,-40658.5961433449
"351",5291.19363831344,-20612.7479113882,-40380.0208754576,-51102.4163295317,-57287.5688169011,-60277.9139849346,-56255.1633658108,-50102.1549830087,-40807.566797134
"352",17639.5737165542,-8343.26594904981,-28641.2792372671,-43454.3665823014,-47876.7475922601,-48798.5729790765,-48446.2635461591,-39530.2716704516,-33659.1569368685
"353",9990.58738566355,-17688.1027316971,-33495.8282829499,-45570.8569083155,-48438.8785971771,-52168.5831430486,-47054.9543270252,-41271.7236974942,-31622.9004326194
"354",15375.9774978659,-8953.2966351018,-27199.1141052036,-38016.7832565278,-44021.2834404954,-45097.3642948408,-40148.4255324635,-35540.0542833997,-27052.6461735464
"355",13066.0018832741,-14072.3164563735,-30078.6355521549,-44367.0546780231,-53640.8489043183,-52566.3938450215,-50917.8160575526,-45919.0899970348,-36037.093727164
"356",9202.60158433847,-19848.1410892277,-35544.801526627,-47720.0892724858,-55553.3140133793,-57029.9236770692,-55132.4949558092,-48638.7645387698,-39123.5090265977
"357",11478.3647700258,-15446.9779792512,-35728.0111969657,-50708.0043631314,-55833.3010387241,-59518.8118953446,-56510.1722742573,-54498.3129248999,-45000.8447133879
"358",4921.44170011819,-21766.1393882744,-41433.3104479371,-50954.4604646366,-56891.4520355954,-57139.2349600072,-54799.2786245247,-48145.7904208209,-41128.6674902999
"359",9833.45139807501,-20438.7550491549,-38481.1370446511,-51000.7553686465,-57870.5437746468,-58773.8946311912,-58293.3521941457,-52137.6497704406,-43259.7293630224
"360",12076.1430035004,-11462.8875481488,-31545.7296262297,-43165.8220795137,-50468.1184637316,-51622.4547396378,-50836.136051399,-43982.5910534818,-33176.7207396646
"361",26240.5572736208,-6970.16530109372,-19808.5226119113,-28379.3872848795,-34020.1983462149,-35680.9519368864,-33803.8093951184,-29913.7173692823,-18699.8195517474
"362",21319.6640844806,-6592.81163553086,-17262.9902806992,-30436.8152277331,-38498.0050776699,-41998.1278202495,-39424.2021409996,-37090.3014434336,-26172.5996004219
"363",9300.05200982636,-16366.3212190532,-39302.1069413184,-50876.6845961125,-57717.4168299771,-56672.7859425354,-58052.8127930569,-51771.5715626441,-43015.4457258419
"364",6948.54628535735,-20293.152232046,-37387.2569334236,-50262.7919767781,-56758.4891987418,-55955.9088746411,-54752.048885306,-45689.7561858307,-40240.6696167692
"365",13128.889272365,-18516.8270102144,-37342.1481126968,-48984.627498737,-56204.7575631535,-58067.3230935416,-56877.9828558778,-51421.7520130495,-43491.5030930666
"366",5194.55491856165,-23045.8067804892,-41496.931586248,-49837.8131632498,-56032.5847495138,-61562.9878509826,-58350.3709079948,-53152.8656961485,-44890.9109502021
"367",14825.2930466364,-23850.9395918548,-41222.5688731924,-50403.9396136449,-57100.8131555653,-60208.5056203891,-57626.5123364577,-52028.7938263986,-45582.3463254333
"368",4169.41546724204,-24022.4555616321,-40314.1969288416,-53129.6251075958,-60496.3033916699,-63587.2488320335,-62111.149480819,-53967.9280336436,-45064.7319479274
"369",13664.8794241016,-19081.6610454198,-37154.3442273434,-49535.7368566708,-51756.5351311976,-55251.1281828733,-54840.9017728963,-50725.6432671183,-40516.745392201
"370",8323.73425525974,-13551.8302306459,-36245.9147973678,-45995.417297202,-55096.3494206927,-57852.6792212663,-55949.2681118431,-51654.6685285617,-40657.0383670796
"371",14591.1057647686,-14989.5986608002,-30036.4905394074,-44521.7436555813,-49064.6388403834,-52617.2162193559,-48905.990625822,-42053.4808474895,-34197.486015338
"372",710.760735629562,-23027.3262470617,-41098.2983127953,-50761.4332701166,-60190.7285516258,-61351.8756195472,-56974.488524568,-52708.9501974113,-42006.2330343732
"373",3368.53884696297,-23313.0085392816,-39475.3592348076,-50462.6750362424,-53969.308655371,-59165.36747523,-54612.9910326908,-47567.5110158679,-40290.8061392829
"374",3972.02014887422,-24038.1443961742,-43597.429190598,-54901.66042646,-62809.6779192152,-64312.470760543,-60960.953656798,-56769.77308777,-45963.1853270858
"375",6486.65781439646,-20543.6339609624,-39630.5549542234,-50868.006043968,-58209.592096672,-59048.233127029,-57686.0543454483,-52171.9020102567,-42240.6409380584
"376",16436.7091540865,-16033.9221748823,-35730.9017413073,-48083.8526153305,-54890.3126659694,-58293.0062678566,-56549.8381675021,-48206.5161230088,-40895.9492417257
"377",7620.14368553842,-20349.6778147207,-39846.037577262,-50411.7456355144,-56687.3042920668,-57114.7190192565,-55038.443441964,-49412.5165293972,-38336.3490214014
"378",7652.02201390328,-22025.1252161452,-36463.6803091333,-50334.5576154365,-56089.9393458055,-57016.2008945866,-54326.5463383416,-47164.9871519215,-37106.2122031794
"379",4624.46216031897,-25860.6361343784,-44221.9010244792,-56392.0789530654,-61424.4925737121,-63788.2094687841,-61950.2816532246,-54580.8030903914,-45429.7920654052
"380",9799.60335834949,-17533.4435273531,-36322.3897103849,-47710.0009245468,-55083.5930139787,-57378.0569773888,-53976.9681626736,-50726.3657295607,-40782.2104255146
"381",15321.6999797093,-17203.0464226367,-32569.6956130311,-46760.5650688511,-51077.3562312021,-54009.0763300572,-52408.8470140949,-46116.048407078,-38435.9947164138
"382",1425.35942208931,-21809.5329204144,-41744.2554651927,-53520.3671747443,-59128.0077285467,-60897.9051081032,-60052.538510558,-52411.5600783479,-45069.8497451586
"383",4878.98364731981,-22458.5245873163,-38382.0154833338,-53839.751517742,-56985.7136355165,-58155.6105541122,-57274.2974527242,-51473.3030162424,-42132.3936362681
"384",7315.62583027616,-24140.5336759783,-43202.990936355,-54316.9118321258,-59621.5545237682,-62187.4844006191,-59803.2732477768,-53999.5266586169,-46637.7418514094
"385",1433.14402649886,-27072.3202289286,-43156.5772061888,-53474.5212163303,-61467.9134636324,-59700.4575880694,-58487.1780369828,-53095.297099641,-41642.1109009087
"386",2753.7860650041,-24792.6241498664,-42309.728806843,-53443.5968130159,-61080.5881547105,-62810.5125683926,-59601.2096263381,-56160.2297755454,-44746.0670881172
"387",9164.79048349737,-18432.8201385438,-37922.9664684942,-48238.5023510927,-55543.5222165329,-56586.2830017018,-52754.1249259129,-49512.4897759805,-40634.9196414514
"388",6606.47867828912,-22906.6324319389,-38501.3271029774,-49260.4073806666,-54649.994338061,-57403.4150090485,-54305.8131508056,-47474.6530560637,-38028.9213579747
"389",12510.7456931371,-19581.1120981336,-35546.3329256114,-45974.895317731,-56780.7658323539,-56423.6053983261,-55882.9308261471,-49240.9407685443,-41470.8859524514
"390",6480.2565754837,-22215.1703227402,-42190.8940585391,-51373.5529159549,-58953.7068645157,-61063.0159736927,-58553.7388180362,-52963.9634261201,-42958.5691768074
"391",3180.32312292953,-23203.2839888741,-37672.5757398347,-51558.6792017391,-57644.8608510018,-59919.258017846,-57412.3209565001,-53596.2134194328,-45593.2001419939
"392",8040.75204794162,-15305.0471047782,-38128.5908648751,-49781.3628566899,-55124.0931474446,-57298.5968199054,-53942.7463579415,-48422.2895031764,-39533.5093288204
"393",14384.1123698824,-13436.8154418169,-37015.2078268984,-49547.4364501969,-55812.4230690729,-58152.3993288848,-57687.9410490413,-50723.2089355953,-40664.151668765
"394",18476.3765313273,-12839.2136862573,-29689.2506726066,-44544.5392028184,-49050.4461223216,-50548.6289791444,-50717.6043819498,-42299.598460673,-34955.0260182596
"395",3342.99299570142,-19609.1859426559,-38726.7970626186,-53456.024108728,-58394.9074303495,-62796.8233533654,-60171.0029496433,-54568.3390158813,-46332.5518801883
"396",2851.47350731149,-27399.2353912389,-43267.0933212597,-51729.6961846109,-59463.6259195075,-61751.5376953656,-59549.0579821956,-53590.693580425,-43611.5313873253
"397",16109.121449726,-17440.7259689711,-36492.4790074731,-46538.7136216044,-52651.5020831679,-55179.7255891097,-52154.8333592598,-45755.8129975529,-36923.4799656422
"398",5750.52030411651,-21732.7914319364,-40552.6736386981,-53726.096171737,-56613.4658354563,-58305.4702507992,-55885.9903796001,-50218.9065183496,-38831.0628786269
"399",9196.1292880835,-18781.0358685318,-35186.560431095,-46967.2144401187,-51955.0213525615,-54939.4940016419,-51843.0582433458,-44044.9682019044,-35411.1087158049
"400",11589.6823575513,-20455.8560783967,-38761.6722493488,-48572.574160091,-54774.415991914,-58233.4938974522,-52947.7945384658,-48863.997156989,-38066.9490443967
"401",6032.70900438266,-23325.9256019079,-42540.7532976329,-53807.6827389827,-58620.5761212637,-59320.7057583406,-55527.8754762656,-53185.8459836478,-44050.991048982
"402",18073.8943170473,-18962.7006419306,-33643.0567949397,-44748.8572107237,-52576.6207720218,-53966.6866652438,-56335.2487972665,-50249.2476205901,-42274.5417244198
"403",10082.9169624427,-14183.1957156436,-38532.381715097,-48884.703590726,-56508.4177593297,-60369.2809330689,-56971.5359875166,-52104.461611505,-44379.1155803123
"404",948.612400585959,-21774.3569393564,-37912.4418220942,-56918.1854087692,-66303.9199549833,-67396.6311067244,-64449.1707018568,-58953.5401837637,-50399.4363941739
"405",-1684.12826145438,-27025.2286247531,-45191.7676144537,-57973.4411078188,-64251.5597271431,-66125.8995926398,-62895.3885156574,-58120.7110572883,-49798.7537246137
"406",-2672.02230145875,-29427.4235712765,-45987.2118333551,-56138.8628028137,-64101.3911410684,-64386.6659976725,-61405.7538327937,-58061.6068030577,-46749.5369798348
"407",5501.05840370833,-26832.4350944088,-46059.9848886358,-58760.2773848053,-65840.1417977267,-66677.123855939,-64259.4356542619,-56717.9443036038,-48767.8788432327
"408",1519.29086536236,-25225.2683949398,-41944.8070809001,-56272.7135851778,-62886.4595941609,-64519.3609290257,-62891.5268592879,-55181.9688108178,-47342.9584547817
"409",-1041.07943702009,-27308.4006692711,-46145.862643105,-56683.1298066892,-64647.2145214964,-67469.7051535991,-63997.8908290239,-59949.0290160299,-49611.1144308527
"410",2207.53500031374,-28589.3127555246,-44089.9092604748,-53805.2551985021,-60018.5487633723,-62246.762333972,-58960.6974120724,-51977.0042568498,-45215.6585537013
"411",3334.44647272934,-23477.6610581532,-40455.2651006215,-54192.3577569732,-61527.6389644789,-61802.0420517503,-61668.093707873,-52573.0826586892,-46128.2132477762
"412",4115.65066701542,-20462.6880532951,-44798.9443426669,-57230.8195921222,-61741.9314617469,-63829.3607303719,-62196.1967470053,-54829.5758684418,-47914.934890238
"413",-313.786178094743,-25623.4580871721,-43340.2505658054,-55921.6979511887,-62830.7856304279,-67686.0767077887,-65639.3859532217,-59244.7741140145,-49973.3941785078
"414",2744.53878521611,-22658.6489952744,-41740.5781637389,-53477.8397099236,-62999.8245741875,-64535.0503644215,-63054.8850026682,-58775.7537006214,-49822.1966861981
"415",5182.74014440676,-20837.4609300248,-41260.1766217101,-54747.6581925677,-61663.9869019448,-64692.9009171748,-61477.7774546197,-56632.4391849752,-49651.2165338861
"416",9193.86225038784,-23205.5468057725,-41312.1901433669,-52492.6016379968,-57746.7841329445,-60066.0772799649,-55541.8800778789,-51080.4152420728,-40914.1140042706
"417",6092.99734105298,-19446.6829262107,-41630.4268655402,-53636.2499625455,-60358.6874491302,-59833.9623240057,-56048.8620612593,-52443.1761768737,-42582.8909121515
"418",9346.67924092136,-18119.3640055485,-40003.9159944409,-55347.2613536307,-61918.5509499065,-63413.9383491341,-61385.4970984258,-55491.3158014287,-45479.7985372712
"419",42.6515580334226,-28329.8976985864,-48377.2089628584,-59357.4157256194,-66714.6025137001,-69064.8675297413,-65743.6103848096,-59432.5822154635,-50345.445480042
"420",2289.21708266188,-27261.8433989376,-46648.8168596493,-59064.0233815117,-65697.528843467,-66880.7105340599,-65383.4200595707,-60730.0083399503,-50876.9900769075
"421",1497.68058707376,-27336.4644653966,-47034.1951674403,-58724.3127493393,-65796.0358230413,-67940.0857238046,-65299.4765161545,-59229.9734286884,-48187.0561124287
"422",10011.8618249295,-15799.0948564962,-36773.9796695996,-46461.0627058244,-51386.8681413421,-52738.4737227538,-50085.2262870761,-45212.1488317323,-34976.7346746714
"423",9320.05626481291,-23271.5595269287,-41721.1415680049,-53003.7565337064,-58746.4347952232,-57146.8738434041,-56969.2594431805,-51146.2252197442,-43731.9754684135
"424",1187.66195193428,-28384.9889873793,-45574.6357513283,-58178.2402323089,-64297.2780251026,-64760.1406201682,-64669.273705102,-57044.2440615371,-47982.960070765
"425",2391.73566925109,-24743.4568384226,-44164.6200365318,-55627.4143441118,-62071.9180320213,-64489.2142200099,-61779.8347820519,-57084.3340472826,-47466.7437444221
"426",-522.012437993021,-25186.2269683379,-44173.2070180537,-57000.7526949008,-62713.3549111695,-63247.4562082964,-60703.4672920519,-54299.5679751419,-46143.3232282804
"427",690.411262797918,-26771.1828867643,-43548.5336880994,-57724.8633685375,-62486.4371757538,-64004.8820271915,-61476.5575263583,-53292.1910528689,-42464.9063276187
"428",3010.93551179289,-26186.6172871732,-40969.4456748027,-52664.4727082903,-57142.8854706267,-59991.4758159727,-56754.5500806481,-51000.8831390629,-40727.3769844425
"429",11287.7954684836,-18076.2834470324,-34510.0740751969,-44109.7581314355,-49847.7415265418,-51845.9044449074,-45528.1959322416,-39457.9521378624,-29354.3989883399
"430",13005.8999673048,-12336.9287504719,-31952.3433431966,-42624.1813479323,-50326.871037089,-50312.0801108911,-48662.9983160643,-42066.9739781312,-31790.0744188392
"431",12407.3175298395,-12657.5851374077,-28026.1674556471,-36154.013847826,-36740.3794389003,-37973.9920367152,-34754.3990847632,-27882.5913936118,-15524.79350235
"432",6621.69281691182,-18412.9664227151,-36178.2959955849,-48620.2051149321,-51409.6512757759,-53081.8921351745,-50881.2900982567,-46595.3222281745,-35273.143004587
"433",6453.01762032136,-12533.0087507887,-35175.3964717271,-46454.7448730066,-52803.7998321312,-49249.338692159,-50212.8438087631,-44293.096841237,-35901.7120722083
"434",12486.4252121589,-17921.3585543277,-34836.6529180162,-48248.467112606,-52856.7959775972,-55324.3770777716,-50097.1311766073,-43750.3033126621,-35395.6409323119
"435",2854.51282579437,-22600.5331711604,-38026.2198776954,-49466.5716090228,-53557.4017321661,-55324.3811601874,-53047.158220821,-47072.3616233454,-33923.4511552318
"436",14290.1812780949,-9103.61489446667,-25476.5807934477,-43168.2583131092,-51845.8374815445,-51925.4239403405,-49077.0365477041,-43228.9851245762,-34161.0380634018
"437",7900.36582472011,-16513.7645149458,-37217.4630820878,-45216.2760010814,-50198.0422247414,-51935.8758260422,-51489.4424872679,-47187.3669100083,-34408.9513018581
"438",19008.2981111129,-6479.46903854136,-22559.0136067777,-37088.1635055662,-42295.7960669135,-46405.7370257125,-44763.0433752521,-41831.4814308924,-32434.5219344737
"439",9646.71502839823,-16497.2340742911,-35837.1419884134,-42934.6455520254,-50147.3912437647,-51152.9478997583,-48500.6296913411,-41157.6843145677,-30416.1382961342
"440",15695.9738788189,-17876.9929606259,-33726.3034506959,-44154.2611703603,-49027.5199810458,-49449.471022233,-43992.9404112807,-36744.2993972716,-26731.9183793316
"441",9381.12391829649,-21019.5398762216,-35707.2625001531,-47505.9384779533,-56552.1598913669,-57287.57884339,-54419.7996127804,-48783.2998284491,-38699.7079282634
"442",9958.0462379819,-20034.4252695167,-37936.3529300503,-48880.6807161182,-54461.5465690452,-58170.5419888423,-55115.0245652551,-48557.1487794163,-40578.7290654741
"443",1630.4323246714,-20678.175035179,-39246.4399958822,-52476.1414150759,-58467.5586840896,-59435.2807008249,-54114.4025892506,-48629.9623282856,-40238.4193115513
"444",12205.6548887528,-10994.4081166129,-33434.365132647,-47655.5153704381,-55516.9579887074,-58736.8581749001,-55107.4262166748,-50783.7086326424,-42665.6596098591
"445",5712.10166113599,-18019.2861477897,-35780.3899843173,-48410.1696688973,-56271.169820132,-57193.0434494757,-55673.0558423102,-48055.24758872,-38977.3179380279
"446",9344.68524131853,-20359.4745216053,-41096.7827718146,-53343.2184093397,-58180.6971996143,-60446.1608114596,-57189.8917179066,-50773.8514534472,-42678.3178097091
"447",2787.30335352878,-20521.7200897261,-34123.0024372281,-45991.2457569777,-55915.9653192632,-57160.0440639819,-53096.8711641809,-47664.3956443538,-35692.04080757
"448",4801.92417488272,-19901.723471748,-37785.7404834574,-46802.9246375782,-52570.3508687853,-54930.4674546013,-50555.3711846219,-47946.6245671568,-37448.6420513438
"449",3285.09090540056,-20163.4617591658,-44076.62863286,-54722.1772388337,-61725.6458387317,-65361.9270359352,-62213.9464302801,-56184.9207589235,-46088.9629120459
"450",8450.52034137746,-18249.0026638681,-36481.3003755187,-48924.8523745337,-56407.6816923288,-57067.1509874817,-54822.6675430696,-49962.4532143829,-38426.0744241732
"451",1317.28642562577,-22124.0962941093,-40863.6926959239,-50858.70883537,-57667.142196225,-59918.2277550633,-59680.2455539612,-52712.3978975228,-43472.2395549232
"452",276.404651283766,-21517.5125062159,-42524.2406745015,-53792.3527275844,-60685.2703927188,-62187.9570809125,-61045.0005094143,-55547.4909667898,-46968.8796357241
"453",-1044.9935601414,-23700.0204497568,-41483.6564302488,-55112.7441991808,-61572.7813239124,-62121.8508940094,-59016.8754747763,-53205.8476241854,-46542.9071130123
"454",5833.62313484371,-19014.8843211239,-37579.2210302994,-49697.3539337087,-58441.395691573,-59896.6376662592,-59798.2645751986,-53938.8023238363,-44360.5575920703
"455",16456.5768462037,-11095.5983791731,-33700.697806639,-43143.0341687783,-52233.4619846401,-52627.1756780611,-51795.9238583813,-47924.7669945686,-38743.7747779532
"456",11420.2272137316,-16614.51357115,-34019.6265717967,-45597.9023563026,-54193.251618507,-54534.2262657853,-55276.1891532257,-49458.5751132085,-38882.9156823884
"457",8320.80946483705,-17383.5011621649,-34660.2372817793,-44818.6906254349,-53590.8084284269,-52384.2677058428,-52717.5625692347,-44910.4783563419,-34495.5808029059
"458",12274.5721569419,-17009.2233068605,-38272.8719203166,-46459.0534082147,-51087.1152911958,-52165.6314083408,-50082.9476096749,-45104.2866743975,-36330.0915287395
"459",13825.0923066647,-14172.1352088502,-31634.0868169575,-46576.9248756012,-53978.6401513202,-57163.9985113625,-53139.1959136324,-46857.0122478314,-36433.4680356566
"460",5893.69629247427,-18019.7066274539,-38238.8040113371,-50381.9690442142,-56196.4076886313,-58493.9973005729,-58268.2649710923,-52576.1056852307,-41854.3128833589
"461",4723.96218115045,-22308.9946732182,-42049.1038114344,-53575.0546819611,-59797.2547383798,-60813.6425346437,-59251.9336334669,-53081.2587350456,-44369.907318946
"462",9170.84888482861,-18914.8674860314,-37497.0000279005,-49526.6798964985,-57050.7813510336,-57783.5161957381,-53936.7502990448,-51735.297607479,-41030.7700075408
"463",12058.5469333922,-17915.3838759883,-32733.9331473231,-45830.4066305734,-50296.2268731505,-53740.0249186753,-49111.1155874725,-41355.7075738428,-32671.7573899564
"464",7427.38348187745,-19750.9199314671,-36460.9711380746,-46719.586746314,-49076.4382536766,-50165.7845580576,-45786.2975294152,-40386.4657389909,-31358.9744244516
"465",18494.6740686665,-10554.9772961791,-32111.726379049,-42935.878587869,-49703.5537654792,-51202.5650545086,-51822.567628847,-45114.6651176404,-37237.3775895097
"466",6049.23962642855,-19904.3886373793,-38076.0704213133,-50876.9196667418,-57732.2400805562,-58251.3107112416,-56805.9887918646,-52460.6483327681,-41367.6119813891
"467",4720.95274203108,-18368.3663584327,-35334.4700288087,-49616.5066613477,-57616.5047757477,-55967.6898917757,-54272.895622463,-49406.2571191978,-41329.6458544703
"468",14887.7642443742,-15926.8283276184,-32141.8217462752,-46092.7065786117,-51713.1581393962,-52929.0524458913,-52034.9857807431,-46391.9580962792,-36378.3522575755
"469",11991.3556542398,-19075.6850687643,-36590.6072445706,-41672.4876456589,-52848.8820579674,-53416.4468743776,-52027.3513406401,-45797.7402182226,-36335.7547601598
"470",-95.9330963798575,-23909.8829148119,-44628.1858810477,-55580.0503513648,-63712.6937480328,-62019.514643529,-59830.6181711817,-55111.9784129856,-45255.1140994108
"471",2856.33065353187,-24233.1632247527,-44035.8301170641,-55592.5069115803,-60789.160681158,-62403.5437797576,-59700.314807095,-54316.7038311384,-45466.011841221
"472",11447.2923936166,-20762.6998422223,-33328.4556053669,-44243.8392453892,-53445.7991337436,-57415.1833189469,-55232.7539528719,-49620.4713938666,-41987.667285641
"473",20794.891373587,-16203.2179667422,-37106.21567029,-50196.8778726147,-53793.8461859239,-57839.2204433008,-54659.1823211636,-51106.9021403078,-40414.7682312351
"474",13140.616907857,-17617.7734672153,-33893.4784932581,-48056.1030295023,-54658.1023653704,-56902.5598490908,-52702.6323518067,-47592.6614172867,-37137.5210943886
"475",17237.6308812964,-13358.1861701853,-29188.9139384037,-45601.2271719424,-49675.1330336597,-50851.0054557734,-51694.3840478601,-43730.5665206725,-34620.3849781781
"476",18345.59528966,-17114.828302484,-35564.1447920628,-46421.3987742996,-57059.082927688,-57347.2795230504,-56634.0352032902,-51221.0121113213,-42539.5289089268
"477",8115.36129401396,-24961.147478314,-40798.8316831376,-51888.4897246748,-58542.6922367053,-60397.2914068916,-60895.4830553877,-53045.0851065923,-45816.3053232111
"478",-618.106875555867,-24695.6289554034,-46357.8759380316,-57981.4064598955,-62896.318627881,-64085.1480980605,-62539.0804894945,-57610.6966219368,-48327.7857567322
"479",4933.47230499482,-21143.5325055956,-38490.1348788182,-54472.9859421677,-59706.0573234864,-62592.6846136354,-59767.5499730633,-54395.8279265429,-45780.5040066293
"480",13993.3069354889,-19350.1257299747,-36891.9700003457,-49161.565675676,-57148.3038516172,-58201.4063654723,-55114.9832456341,-50951.1275773589,-38863.0025208182
"481",21651.0468265168,-12062.6352235704,-25713.1625370821,-36755.0965710402,-47027.5379870517,-49467.4919472,-45877.4455042375,-41387.9012162467,-32756.8370955084
"482",17529.3837972065,-7669.11571203346,-26080.0561971919,-38612.4973529387,-45663.2615496674,-45665.2029149736,-42247.0848497049,-38125.6370393681,-27778.5981074695
"483",10739.0563843908,-14249.0467432226,-32115.5022876702,-41700.6156391363,-48910.2496178422,-50029.2051006077,-49478.656751022,-44315.1804754425,-32819.4698108945
"484",14268.8758954093,-9644.40398113015,-33247.4578857496,-45429.5924553907,-48891.0703656811,-51508.5303675884,-49703.9311228169,-41571.4460784797,-27316.5661003489
"485",6639.79782303125,-21261.8205642014,-35240.0207484044,-50483.7649878227,-54811.1352681162,-57866.7219647715,-54476.1612796342,-48674.2352844427,-40097.2702350267
"486",3607.14710659775,-23766.8703610174,-43531.5834541768,-54142.3652847213,-60808.2021333169,-62080.5995796343,-57565.3081621866,-52936.2154286754,-43462.4111922735
"487",5476.58765951687,-19996.0182117519,-43787.7531097845,-54860.617660762,-60813.6704048963,-63367.0914998815,-59638.9231998542,-56102.939239893,-45135.8819779784
"488",-618.406518462537,-21017.468046531,-41256.6534744216,-54927.8386627206,-59565.5289220431,-62674.2243699977,-59874.1798948051,-53762.4965061457,-46886.8225999794
"489",12297.9678230887,-18265.4823515825,-36180.8274132315,-50299.9928034001,-58641.5447493954,-59228.6597078819,-56653.2992432368,-52988.9848716395,-41513.1255275823
"490",3758.81241264495,-21051.9037033388,-40798.2644281139,-54240.4709800927,-61306.5340699595,-60796.361028428,-60445.0827879119,-50684.2547149341,-45185.1838952358
"491",785.023691161724,-27797.4963823485,-46792.1354183994,-59032.9936680851,-64184.4343702781,-67070.109314165,-64126.381633317,-58999.302585831,-50576.871216718
"492",-3330.17572933287,-25831.7401416801,-47684.0692978125,-60442.3166163916,-65623.9790578786,-64469.5583490539,-62075.6128278,-57764.4397339334,-48507.5731257199
"493",1921.89299187426,-23870.4590986064,-42372.4518500739,-55487.3190593559,-60655.2979371975,-62680.0223444295,-61121.824444706,-55619.8984685318,-47622.2717534174
"494",10699.2694753401,-18487.8874121724,-37263.0403018735,-50584.7499195861,-59026.2317927752,-59269.3655526364,-58450.8102323194,-52303.2476390168,-42488.295525427
"495",-1458.60245970517,-24712.9118814825,-45009.3725685237,-57322.4845592396,-63495.1019691596,-65967.6875144359,-62438.5432420021,-57374.3285256425,-49533.8163284019
"496",1669.81112805338,-24678.8831329874,-42749.5051198241,-57053.3494370385,-64073.5589543009,-64393.293638925,-62712.7585741879,-57175.4546120433,-46823.2845508874
"497",3641.30175574185,-24981.0186348995,-43217.7227810025,-53819.7518514602,-62850.7699963648,-64214.7347744681,-60432.3367856029,-53355.7239108466,-46382.7881781092
"498",2791.26248038209,-19340.5556273179,-38215.2754575786,-50415.9569233455,-54830.8644829645,-59505.7709024918,-55190.0912848593,-48976.2529219034,-40723.3764418131
"499",11658.0510940711,-20095.0475395959,-39659.5004806527,-52480.629719488,-58610.1611185538,-57420.2575118913,-55025.1027556443,-49457.8211473642,-42342.0317739007
"500",2622.49957441428,-21921.398678095,-38428.1622448972,-52588.0764741916,-59752.719926941,-63496.2185149595,-62186.3381145094,-57795.6946151158,-46587.791339926
"501",4415.20548407503,-20918.3828872191,-40612.3743527685,-53580.7611328673,-61223.8786289098,-64662.8745789541,-61824.2884266894,-56366.4767191551,-46963.5244721206
"502",3069.70984434595,-25610.3676221106,-45776.786884087,-56942.0002698028,-61210.9940199948,-66117.6845226182,-63001.2017036555,-58348.3688800704,-49472.8594081455
"503",3016.57079098151,-24040.6427745333,-41090.5468267162,-55509.6919768096,-61064.7327202669,-62614.1815179335,-62048.4007807144,-56821.283060395,-47158.5921513267
"504",8033.73146675788,-22254.1375857774,-42619.1808189902,-54522.7299362937,-59153.6829124341,-62681.9795562084,-59352.2055444293,-52787.2290028113,-43937.0837889771
"505",8305.52158707286,-22075.3508305136,-39465.674387441,-50327.9447700519,-57609.9591000414,-59256.4245698772,-58372.7110345126,-50726.2734343419,-42873.5890924822
"506",216.552922843445,-22644.6662661061,-42154.9853836887,-53361.1770392055,-61700.7022654734,-65271.2145041588,-63241.7096328461,-58366.0481679933,-48127.1545710932
"507",-2335.83698174088,-29064.3455668972,-43688.3923363847,-56377.0653208905,-63701.7274431342,-65459.5372058502,-64031.3859278287,-56875.5494900908,-48072.8657692847
"508",-1063.71725325193,-26355.9082972222,-41943.6757115179,-52754.9102133834,-59160.8876774273,-61956.0292847728,-59495.9754072619,-53245.2841286069,-43157.1938653991
"509",3795.14221135271,-25090.1802809074,-43497.6281062402,-54590.9701369915,-58984.4866225901,-59377.4529045112,-55119.6968980506,-52096.8241667846,-42435.847318604
"510",-3871.05626908646,-30206.3843673375,-45735.1037574022,-60053.9519064284,-64319.6693994476,-66475.1716712916,-65194.6187134186,-59342.7049637735,-51384.9922769598
"511",-869.146801899494,-26148.3095650304,-43901.8480019968,-58954.5831922979,-63622.5532783007,-67257.532627296,-65146.2269365901,-60416.7517309544,-51126.5395547061
"512",-5355.47560465157,-31018.6297094925,-46416.6036647077,-58506.5478754378,-63472.3821870569,-64626.7181934697,-63340.7358055935,-56228.3661551605,-47165.3885741707
"513",956.480517556017,-27121.3174916336,-45174.087105012,-56233.6705083198,-61501.1117133633,-61096.6168423958,-59307.1357799272,-50639.562142324,-42257.1395866265
"514",2233.45123024103,-22147.9098205463,-39649.449990358,-49656.1645906076,-54600.3578249694,-53338.055825129,-53380.2289904728,-44661.0610135509,-36123.3766938841
"515",8093.17253923431,-20511.8791696526,-38434.6746927241,-48973.4401027511,-54607.778226506,-56300.9297090701,-53994.4607591605,-48029.8786452315,-36860.5805871659
"516",10603.7563366712,-16476.7138222342,-39418.5855110366,-50841.3102144486,-57611.9763079795,-61915.683805275,-58592.5820468636,-51347.6506364258,-40510.2640073035
"517",15680.1506824437,-8801.86375749497,-20721.4558085196,-32121.2694143147,-34158.1422445805,-36492.4495986884,-31323.5171784182,-22915.1719284667,-10020.2473636881
"518",6908.83338770509,-14782.8406339795,-29131.5054459457,-43114.8878066507,-49554.8979368134,-52892.8359858565,-50807.9050082737,-42887.2784736274,-33121.6338281735
"519",7574.13478317592,-11119.9364128164,-31670.0171418769,-45311.8619245071,-49284.2670316497,-52277.3087371903,-48569.4134247645,-42555.3956533494,-32702.0458147865
"520",16997.4934908404,-10693.7648548716,-31200.5662751193,-41010.1059948993,-49627.134333611,-50674.9359634493,-48318.7007587001,-42907.0983970867,-34428.5090495061
"521",8616.52316161383,-16656.8935690129,-34019.7007630037,-44639.0721793865,-51530.9605523547,-52412.9687149843,-50067.3929809232,-44958.7774442544,-34337.4628733375
"522",10123.5891653484,-13880.7053674392,-28930.1154045273,-41068.9080769721,-47550.035286764,-50638.1886543439,-49145.952799204,-40487.04894489,-33515.1005901779
"523",14793.3242715047,-6864.44085751908,-28725.166680679,-39415.9975538869,-44182.2678609254,-48621.6201759189,-46683.8836820157,-42730.9312076002,-35325.305096641
"524",14308.4505754325,-11378.6479963786,-28299.66175257,-41755.2539228533,-44843.7672389361,-46135.3921324077,-44227.7668583102,-39707.3879248006,-29201.0851306399
"525",13713.6340883123,-10287.802624581,-28716.246820815,-39659.5287979459,-43055.7632562963,-42315.8881100456,-41735.3260213773,-34592.1219005077,-26418.1364021362
"526",17752.0471258504,-14675.7773518572,-36061.8404068146,-46632.6764054036,-50708.0386414581,-51101.7650696055,-46509.6863974006,-40597.193887299,-30091.0200496801
"527",6615.59303199017,-24137.8885635266,-39777.2289479938,-49967.9465269982,-56711.105944922,-59856.9512505611,-55054.6995742438,-47918.7040939411,-40048.959931092
"528",4880.45601269219,-24027.3213076477,-38633.795135761,-51787.3185705873,-56727.9567007184,-58420.5879685695,-53087.0552792668,-47820.2797408706,-40085.0123090545
"529",11841.1692435889,-18391.880402125,-35909.6761419004,-49421.5303983939,-55710.9498062172,-57463.1655626453,-56084.0934602805,-50562.7808266541,-41029.8622054395
"530",14794.0246722191,-12289.9880503508,-29550.8212478773,-41687.8914138273,-50220.2422513501,-51762.2165486841,-49455.5722857083,-45256.795879432,-37446.7018257501
"531",8477.57070881323,-23118.9832825743,-39114.9287161325,-48153.8879887461,-57016.5839213004,-57947.3794583324,-54438.8278189058,-50814.5860827688,-40571.9985768721
"532",6585.3971642547,-21049.3065229043,-37881.6451878579,-49041.0148684351,-53936.9139318936,-53716.2620214812,-51472.8918072138,-48219.5886894615,-38050.4139917248
"533",10755.2160019036,-17648.1953079843,-31642.5022507768,-46252.7774305212,-53264.9498056373,-53500.1011234023,-50669.8458920093,-43496.2745969701,-33068.2390149833
"534",11137.2491678888,-15936.8568303292,-28504.0884719922,-44549.5513328659,-52664.1060075749,-53265.8988248096,-47705.2333185917,-45275.5004995535,-34073.6671177596
"535",11138.7656256554,-17501.2462626128,-33327.8055380077,-44849.4153666889,-52203.9715818668,-54634.7115174033,-52147.0943267825,-47908.8774689963,-36190.9314132239
"536",13006.4176940461,-13876.782201175,-35342.9751498007,-46204.4132176742,-54704.8432883932,-57173.2258286187,-54222.7958962639,-49290.7297233921,-42109.686851736
"537",7144.51005326122,-20523.0673644,-41590.4689786414,-53729.0807660219,-59708.6463725249,-60468.7518038706,-56655.943725683,-51915.5526685295,-44047.1938537502
"538",5046.49966486389,-22352.8937222154,-39288.5175689916,-48154.8919437446,-55588.2534520013,-58922.8433071864,-58396.2891434941,-53458.5866739749,-43519.0573461964
"539",3917.22144975826,-24454.2126836887,-36956.1583807038,-51963.6357413798,-57317.3018146299,-59113.4925152152,-59255.4547791041,-53102.3255888249,-45644.4792293062
"540",16781.159611611,-12462.4225625974,-32088.0372908974,-45909.1143603739,-49201.3735320689,-53453.3985574855,-52404.7091630534,-47405.2695806417,-38733.3472055894
"541",13730.3640561294,-14291.50147615,-35686.7425120344,-49395.4691808705,-56342.69817404,-57520.1153975251,-55189.6288421911,-51267.7591049842,-40671.4081392695
"542",9583.5613158981,-20718.0786401402,-40111.7874337641,-53018.5433008638,-59079.5894656321,-61887.8680530447,-56503.8516706607,-52892.0901166296,-44048.6754215782
"543",12344.8175534171,-16946.8074761394,-35968.5219117285,-40487.2717319942,-48244.3705607235,-48262.2231110226,-45267.6178883539,-40729.2382349679,-33689.4132738015
"544",3501.65638626525,-20609.1223136268,-36042.8604005171,-50274.4036368264,-55322.9382847872,-56242.838548429,-53884.1812814245,-48708.0127164196,-38726.8486106551
"545",9702.92207331739,-21598.0476495798,-38998.8840256976,-51295.7790993197,-57795.3785662684,-59853.4766774677,-55987.7881003331,-51140.2158634484,-39313.7819438119
"546",3220.06675116085,-22014.0368035763,-40757.5165882919,-51218.4121604316,-59353.3240963374,-62125.0965158539,-58081.005079861,-52906.7216590906,-42458.4693037972
"547",30214.4948165732,1217.52524194786,-20310.0433286533,-32291.3829327764,-37332.7627629698,-44224.1216095533,-44670.2308424112,-43118.3854657415,-32489.2655178138
"548",13906.2827701444,-12038.8388654155,-33963.2984651425,-45854.0810963133,-53134.2916416211,-55230.6435707651,-51574.6606868609,-45987.3553691708,-36379.9025437816
"549",14553.1968961439,-13600.3536454639,-35793.1000911321,-46170.072371513,-53629.134666026,-51994.7653902662,-50821.3006512516,-45422.9142018541,-34721.5335319933
"550",21103.7854054739,-8894.09065752484,-24140.5665617099,-34607.6032281247,-41775.6175715677,-39654.3735024188,-39741.7875460232,-32909.9163007352,-24458.5081743939
"551",17827.5420331161,-10668.6770287413,-33684.558770888,-42830.1282176056,-50645.9679841736,-50241.1803561413,-50602.5968766005,-44325.3535649832,-38579.1109527212
"552",6980.24161214751,-24607.2797118541,-41794.1516905301,-52206.5562573246,-60222.3113857557,-62330.0398434007,-61160.1184991721,-56594.6818714772,-48018.0597600845
"553",4881.08119967845,-23737.6116341819,-43534.7880184735,-56042.4315536465,-62667.6523847879,-66116.2412117439,-62561.9059428967,-57395.3169504739,-49306.6921606921
"554",3511.22836866906,-20515.066303535,-40876.1798325175,-55313.9682912857,-60236.6127795852,-61952.8870075649,-60713.920160757,-54113.0393359163,-46256.7637852863
"555",3485.19264203755,-18704.3502792141,-37790.8777351557,-51011.5832502271,-58911.9049106576,-58349.0024848188,-56596.8052051614,-49698.8963638085,-39372.5269795062
"556",11658.6300653413,-14818.4798990361,-31629.3982860574,-47213.3405118208,-54309.5985703945,-58435.4016452486,-56351.9220158199,-51229.8203362557,-42156.0963832695
"557",1841.41640642373,-26983.2629644189,-42352.4356124425,-54232.5669298947,-59586.1167242485,-62165.9861473422,-61212.3776644414,-56253.9796024938,-47994.8195199597
"558",778.101205658108,-25906.7810765631,-42472.4500323775,-54151.0728812211,-61000.5690966344,-63202.3693965622,-61068.8613766339,-55217.3761604075,-44451.9048479473
"559",528.604335679381,-23662.9421420357,-43201.796799064,-52346.9776815386,-59738.799485604,-61728.556579608,-58310.1164966164,-53674.9540731198,-45339.6555882523
"560",7033.53265652362,-19840.0082473062,-40042.9380822285,-52891.1355332892,-58266.1553078894,-60901.4012692697,-59015.301375967,-51036.7990828688,-42151.6188281052
"561",4929.40574992992,-17381.5050641241,-37742.162845886,-50694.4515127452,-55216.9177902239,-56463.8003952696,-54304.1284916857,-49070.9826287672,-39028.9655652483
"562",10684.9608455565,-20371.5389352705,-38738.683993332,-49508.5170443764,-59402.0570199254,-61195.4704003557,-58637.6885877029,-52506.0733731671,-42422.951771528
"563",19595.669312353,-11575.1144666512,-26513.1099659251,-35914.6912904592,-42327.8362566084,-46158.3514877102,-41669.8258787594,-37698.5837806623,-30368.7723684095
"564",21526.2350187741,-3891.12650511273,-27059.8144163553,-40757.8201490772,-47554.3837019026,-51004.252552139,-50298.814100032,-45049.8419632466,-34484.6078923498
"565",5612.28999153303,-19133.6268559063,-39275.3902378652,-52363.3396778127,-56893.5074205905,-59811.64947195,-57355.2717846583,-51204.6255778939,-40910.7501374702
"566",12009.6189978776,-17814.7085449846,-32461.1954262182,-44043.4872706933,-52069.0121114114,-51572.9035621879,-48849.3201251184,-45548.2986208797,-35603.4225018093
"567",11922.7696672001,-12583.9980360824,-34137.6090161888,-46361.7882493983,-52095.6737088475,-54671.9668714723,-55483.4002000721,-46344.8287259173,-36872.7543165876
"568",15016.1486978603,-14506.0029939343,-33699.6439873602,-42663.5270183615,-53103.6730350855,-54409.8447785855,-53325.2746575291,-43931.6688249013,-36396.6294327584
"569",1595.04900788097,-23792.9960650845,-39544.0823321457,-52200.3148041977,-58205.8995958132,-62366.5034415757,-58999.8735024757,-53266.5722690987,-41145.4975587744
"570",8043.6020619682,-20081.2761265492,-37295.2613796142,-51595.8489231625,-56769.9305799851,-58874.5866603112,-57392.6603880735,-50599.8863058633,-41483.8404703666
"571",8956.07296732788,-21312.6381801707,-37181.6760168807,-48692.1205687016,-52505.3416980502,-51595.4295114644,-51564.2938241573,-44023.7748401482,-34667.7663402056
"572",8720.89951056777,-19279.2142051192,-38347.4612202717,-51876.7149656573,-58303.2825351927,-59934.0180026442,-58511.2954111307,-52029.4051773606,-42844.2299106328
"573",-668.29163044697,-28259.3026722581,-45331.0701929885,-58338.7662766285,-63519.6712590194,-64924.6022154141,-61240.0462302466,-55295.870312411,-46637.5329645711
"574",6538.76929558323,-21735.9004097876,-40097.3719831662,-57549.5227142194,-60678.5364569008,-62621.0759048169,-62194.4767377483,-56024.5873870228,-46238.0744159385
"575",1480.80593064691,-23669.3847204529,-44663.9382203594,-55449.4862015837,-63241.0709928452,-65527.5381777202,-63345.7327842057,-56159.9633877904,-48332.1370497927
"576",3397.06949226279,-24478.854202475,-42762.6835231571,-55965.0560068369,-57445.5469004379,-63347.153473717,-59086.4320565392,-54735.0269563879,-44476.8413053212
"577",3537.56125938395,-21174.1871164317,-39727.2463145804,-53587.3716075862,-62637.8857948523,-63035.0626075989,-61323.0938235511,-57179.2591202539,-47227.9139516507
"578",676.248531317163,-24486.0871909379,-42987.4528936326,-55193.3105452797,-60045.4851993556,-63707.5167189031,-61256.1676786788,-55465.8715989298,-44528.587936062
"579",5114.06081508013,-23041.6104450313,-41790.7900142083,-50831.5644854606,-59529.7315605439,-58952.5685599015,-58999.0627913766,-53992.9746866725,-42743.9360469893
"580",2200.23613769672,-24389.0982778543,-42634.0754410388,-56883.3648843799,-63821.933919008,-63993.4287069337,-59943.4438051216,-54816.496017936,-46868.7088185017
"581",3582.85780076244,-25656.8488937427,-42627.6398390502,-54459.3636370265,-61702.9566974652,-63185.3466481421,-60674.4168459554,-55564.4066706061,-46074.0217690485
"582",3752.11829904858,-24422.1528444078,-46050.3907092475,-58128.0006805129,-65707.9147027566,-64758.2473666016,-62298.3296482565,-56561.1329264771,-46958.8470182024
"583",2741.63110206026,-26503.8149289097,-43972.1387131534,-58718.372213853,-63181.8299801366,-67161.8778180886,-62281.0181022786,-57761.4944933364,-47825.5182254885
"584",1898.89333462491,-22780.1637189287,-42487.9221263975,-57095.0034449734,-62805.3081315538,-63108.0379372291,-61346.1966314778,-55045.6831808848,-44426.64500562
"585",4307.97181252373,-22060.074738647,-40857.2220854659,-56016.3242168904,-63918.957553314,-63201.7968533559,-58895.2905497442,-54787.3873370074,-45128.3332640977
"586",-87.1283957183341,-29668.6513058914,-45441.1131679465,-57082.9012011777,-64839.4982889574,-68309.55370931,-66488.1688975427,-58867.1642040957,-51065.6904122627
"587",-1196.9681874708,-28511.0248312993,-48395.5227019168,-59854.9767548891,-65846.1798570844,-66872.8517997627,-64037.9566242659,-58868.7611192368,-48860.9376388012
"588",2236.2354810028,-28472.2667548292,-44856.7142619707,-56688.0409938615,-62593.3360769719,-65688.6704769861,-61797.6484925798,-57628.4016459633,-48365.3542013481
"589",4954.14393443183,-21483.9404498503,-36640.5224092472,-51418.2183524582,-56888.5114192872,-58125.4956246245,-56432.7053533619,-52038.7117709745,-43283.8564075339
"590",10087.6076054549,-18058.4788043296,-39263.2628847127,-51245.8588854264,-58137.5920036032,-59839.2323209793,-54734.8029414273,-48468.5644210411,-39572.3156729816
"591",10480.1901825299,-18272.4270758448,-37833.0243918803,-48368.7534239547,-58428.9788820587,-59291.6296615288,-57879.0294714814,-53769.2135044201,-44228.9379908084
"592",8385.36608945159,-23584.8695992358,-40435.0706012591,-54534.9397668669,-61783.1525634036,-63022.2976712224,-57764.9666346774,-53399.031502577,-44954.1528778269
"593",9654.00370563015,-14799.5274188974,-35529.0478642643,-48086.3333339756,-59435.4011314581,-62502.5594576638,-59087.7246179151,-53080.2414841138,-42622.0969513826
"594",1237.05453956986,-26562.3610147824,-45200.0036330968,-55694.7385410249,-63300.2626815218,-63491.4996004437,-61624.273243349,-53568.5588790956,-42381.7617505617
"595",2574.78174117202,-23012.5869413188,-43136.3870984608,-56707.8154348333,-59902.4578428391,-61889.5585287041,-61672.2413521426,-54679.8116198016,-45539.3902428315
"596",-467.899835013218,-28342.3583900093,-45527.4229101554,-57649.3330703405,-64999.3403135138,-67035.6745284726,-65993.2686001457,-57590.0698262181,-48605.6909361815
"597",1513.17608275601,-28349.9233500257,-47509.7529087474,-59079.7767989109,-63507.9320353165,-68470.5866393401,-65903.4493997932,-57929.6612948612,-51460.3631398781
"598",2452.26804510325,-22658.2322686443,-44167.17860564,-55133.6021200198,-63262.2850351849,-61206.5067560706,-58883.2437469803,-53698.9193638245,-44207.1511819003
"599",2357.59788517732,-24552.4440187972,-39492.0806117053,-49047.5654099458,-56687.9254208548,-57768.1411018917,-54644.3510587655,-47269.5307582473,-37183.1199232763
"600",-1566.00088461085,-23426.8785546052,-39121.4116478978,-49586.5929894989,-57787.7760081608,-59827.2812781343,-57524.772364745,-51390.6784911524,-38864.4012858841
"601",7200.90962435886,-21627.6006411477,-39978.5542581317,-51924.4351379394,-57788.5325844764,-59244.5349277856,-55729.3563104549,-49930.8968557686,-40810.3447561903
"602",1584.05307005645,-23827.9630155893,-45510.3881274609,-56443.5583660988,-61321.843291332,-59924.1377934083,-59916.2469725809,-52641.1429577547,-43416.7009606105
